Test_Number,Test,A/S,Location_Type(Catagory),Test(META???),Location_Type,Test_Location,??,EMA#1,EMA#2,EMAW,EMAS,EMAP,WABL,WABLM,RAWL,RAWLM,KEN,RANGE,Value,Test_Type(Shmoo),Location_Type(Shmoo),Test_Location(Shmoo),??(Shmoo),EMA#1(Shmoo),EMA#2(Shmoo),EMAW(Shmoo),EMAS(Shmoo),EMAP(Shmoo),WABL(Shmoo),WABLM(Shmoo),RAWL(Shmoo),RAWLM(Shmoo),KEN(Shmoo),Value(Shmoo)
3000,tb_vmin_ckb,auto,RA1,Vmax_vec,RA1HDA,8192X4M4F8,ABRTW_HS_m22n,A2,B99,A1,A0,0,99,99,99,99,99,vddpe_1.2000V_vddce_1.2000V_dvdd_1.200V_100.00ns,(P),shmoo_bsmin_vec,RA1HDA,8192X4M4F8,ABRTW_HS_m22n,A2,B99,A1,A0,0,99,99,99,99,ken99,0.455V,shmoo_bsmin_vec,RA1HDA,8192X4M4F8,ABRTW_HS_m22n,A2,B99,A1,A0,0,99,99,99,99,ken99,0.455V
1016,tb_vmin_ckb,auto,RA1,Vmax_vec,RA1HDA,7168X4M4F8,ABRTW_HS_m22n,A2,B99,A1,A0,0,99,99,99,99,99,vddpe_1.2000V_vddce_1.2000V_dvdd_1.200V_100.00ns,(P),shmoo_bsmin_vec,RA1HDA,7168X4M4F8,ABRTW_HS_m22n,A2,B99,A1,A0,0,99,99,99,99,ken99,0.460V,shmoo_bsmin_vec,RA1HDA,7168X4M4F8,ABRTW_HS_m22n,A2,B99,A1,A0,0,99,99,99,99,ken99,0.460V
1013,tb_vmin_ckb,auto,RA1,Vmax_vec,RA1HDA,256X8M2F2,AB_LP_m22n,A2,B99,A1,A0,0,99,99,99,99,99,vddpe_1.2000V_vddce_1.2000V_dvdd_1.200V_100.00ns,(P),shmoo_bsmin_vec,RA1HDA,256X8M2F2,AB_LP_m22n,A2,B99,A1,A0,0,99,99,99,99,ken99,0.395V,shmoo_bsmin_vec,RA1HDA,256X8M2F2,AB_LP_m22n,A2,B99,A1,A0,0,99,99,99,99,ken99,0.395V
1013,tb_vmin_ckb,auto,RA1,Vmax_vec,RA1HDA,1024X8M2F2,ABTW_LP_m22n,A2,B99,A1,A0,0,99,99,99,99,99,vddpe_1.2000V_vddce_1.2000V_dvdd_1.200V_100.00ns,(P),shmoo_bsmin_vec,RA1HDA,1024X8M2F2,ABTW_LP_m22n,A2,B99,A1,A0,0,99,99,99,99,ken99,0.445V,shmoo_bsmin_vec,RA1HDA,1024X8M2F2,ABTW_LP_m22n,A2,B99,A1,A0,0,99,99,99,99,ken99,0.445V
1016,tb_vmin_ckb,auto,RA1,Vmax_vec,RA1HDA,4096X40M16F4,ABW_LP_m22n,A2,B99,A1,A0,0,99,99,99,99,99,vddpe_1.2000V_vddce_1.2000V_dvdd_1.200V_100.00ns,(P),shmoo_bsmin_vec,RA1HDA,4096X40M16F4,ABW_LP_m22n,A2,B99,A1,A0,0,99,99,99,99,ken99,0.405V,shmoo_bsmin_vec,RA1HDA,4096X40M16F4,ABW_LP_m22n,A2,B99,A1,A0,0,99,99,99,99,ken99,0.405V
1014,tb_vmin_ckb,auto,RA1,Vmax_vec,RA1HDA,2048X40M8F2,AB_LP_m22n,A2,B99,A1,A0,0,99,99,99,99,99,vddpe_1.2000V_vddce_1.2000V_dvdd_1.200V_100.00ns,(P),shmoo_bsmin_vec,RA1HDA,2048X40M8F2,AB_LP_m22n,A2,B99,A1,A0,0,99,99,99,99,ken99,0.410V,shmoo_bsmin_vec,RA1HDA,2048X40M8F2,AB_LP_m22n,A2,B99,A1,A0,0,99,99,99,99,ken99,0.410V
1014,tb_vmin_ckb,auto,RA1,Vmax_vec,RA1HDA,1984X38M8F2,ABW_LP_m22n,A2,B99,A1,A0,0,99,99,99,99,99,vddpe_1.2000V_vddce_1.2000V_dvdd_1.200V_100.00ns,(P),shmoo_bsmin_vec,RA1HDA,1984X38M8F2,ABW_LP_m22n,A2,B99,A1,A0,0,99,99,99,99,ken99,0.410V,shmoo_bsmin_vec,RA1HDA,1984X38M8F2,ABW_LP_m22n,A2,B99,A1,A0,0,99,99,99,99,ken99,0.410V
1013,tb_vmin_ckb,auto,RA1,Vmax_vec,RA1HDA,512X160M4F2,ABRTW_LP_m22n,A2,B99,A1,A0,0,99,99,99,99,99,vddpe_1.2000V_vddce_1.2000V_dvdd_1.200V_100.00ns,(P),shmoo_bsmin_vec,RA1HDA,512X160M4F2,ABRTW_LP_m22n,A2,B99,A1,A0,0,99,99,99,99,ken99,0.400V,shmoo_bsmin_vec,RA1HDA,512X160M4F2,ABRTW_LP_m22n,A2,B99,A1,A0,0,99,99,99,99,ken99,0.400V
1016,tb_vmin_ckb,auto,RA1,Vmax_vec,RA1HDA,32768X40M16F8,ABGTW_HS_m22n,A2,B99,A1,A0,0,99,99,99,99,99,vddpe_1.2000V_vddce_1.2000V_dvdd_1.200V_100.00ns,(P),shmoo_bsmin_vec,RA1HDA,32768X40M16F8,ABGTW_HS_m22n,A2,B99,A1,A0,0,99,99,99,99,ken99,0.495V,shmoo_bsmin_vec,RA1HDA,32768X40M16F8,ABGTW_HS_m22n,A2,B99,A1,A0,0,99,99,99,99,ken99,0.495V
1016,tb_vmin_ckb,auto,RA1,Vmax_vec,RA1HDA,8064X8M4F8,AB_LP_m22n,A2,B99,A1,A0,0,99,99,99,99,99,vddpe_1.2000V_vddce_1.2000V_dvdd_1.200V_100.00ns,(P),shmoo_bsmin_vec,RA1HDA,8064X8M4F8,AB_LP_m22n,A2,B99,A1,A0,0,99,99,99,99,ken99,0.430V,shmoo_bsmin_vec,RA1HDA,8064X8M4F8,AB_LP_m22n,A2,B99,A1,A0,0,99,99,99,99,ken99,0.430V
1016,tb_vmin_ckb,auto,RA1,Vmax_vec,RA2PUHDA,128X80M8F1,AB_HS_m22n,A2,B99,A1,A0,0,99,99,99,99,99,vddpe_1.2000V_vddce_1.2000V_dvdd_1.200V_100.00ns,(P),shmoo_bsmin_vec,RA2PUHDA,128X80M8F1,AB_HS_m22n,A2,B99,A1,A0,0,99,99,99,99,ken99,0.410V,shmoo_bsmin_vec,RA2PUHDA,128X80M8F1,AB_HS_m22n,A2,B99,A1,A0,0,99,99,99,99,ken99,0.410V
1014,tb_vmin_ckb,auto,RA1,Vmax_vec,RA2PUHDA,16X8M2F1,ABGRWL_HS_m22n,A2,B99,A1,A0,0,99,99,99,99,99,vddpe_1.2000V_vddce_1.2000V_dvdd_1.200V_100.00ns,(P),shmoo_bsmin_vec,RA2PUHDA,16X8M2F1,ABGRWL_HS_m22n,A2,B99,A1,A0,0,99,99,99,99,ken99,0.370V,shmoo_bsmin_vec,RA2PUHDA,16X8M2F1,ABGRWL_HS_m22n,A2,B99,A1,A0,0,99,99,99,99,ken99,0.370V
1016,tb_vmin_ckb,auto,RA1,Vmax_vec,RA2PUHDA,192X160M4F1,AB_HS_m22n,A2,B99,A1,A0,0,99,99,99,99,99,vddpe_1.2000V_vddce_1.2000V_dvdd_1.200V_100.00ns,(P),shmoo_bsmin_vec,RA2PUHDA,192X160M4F1,AB_HS_m22n,A2,B99,A1,A0,0,99,99,99,99,ken99,0.420V,shmoo_bsmin_vec,RA2PUHDA,192X160M4F1,AB_HS_m22n,A2,B99,A1,A0,0,99,99,99,99,ken99,0.420V
1016,tb_vmin_ckb,auto,RA1,Vmax_vec,RA2PUHDA,2048X40M8F2,AB_HS_m22n,A2,B99,A1,A0,0,99,99,99,99,99,vddpe_1.2000V_vddce_1.2000V_dvdd_1.200V_100.00ns,(P),shmoo_bsmin_vec,RA2PUHDA,2048X40M8F2,AB_HS_m22n,A2,B99,A1,A0,0,99,99,99,99,ken99,0.445V,shmoo_bsmin_vec,RA2PUHDA,2048X40M8F2,AB_HS_m22n,A2,B99,A1,A0,0,99,99,99,99,ken99,0.445V
1014,tb_vmin_ckb,auto,RA1,Vmax_vec,RA2PUHDA,2048X4M4F2,AB_HS_m22n,A2,B99,A1,A0,0,99,99,99,99,99,vddpe_1.2000V_vddce_1.2000V_dvdd_1.200V_100.00ns,(P),shmoo_bsmin_vec,RA2PUHDA,2048X4M4F2,AB_HS_m22n,A2,B99,A1,A0,0,99,99,99,99,ken99,0.455V,shmoo_bsmin_vec,RA2PUHDA,2048X4M4F2,AB_HS_m22n,A2,B99,A1,A0,0,99,99,99,99,ken99,0.455V
1015,tb_vmin_ckb,auto,RA1,Vmax_vec,RA2PUHDA,2048X4M8F1,AB_HS_m22n,A2,B99,A1,A0,0,99,99,99,99,99,vddpe_1.2000V_vddce_1.2000V_dvdd_1.200V_100.00ns,(P),shmoo_bsmin_vec,RA2PUHDA,2048X4M8F1,AB_HS_m22n,A2,B99,A1,A0,0,99,99,99,99,ken99,0.485V,shmoo_bsmin_vec,RA2PUHDA,2048X4M8F1,AB_HS_m22n,A2,B99,A1,A0,0,99,99,99,99,ken99,0.485V
1014,tb_vmin_ckb,auto,RA1,Vmax_vec,RA2PUHDA,2048X8M2F4,A_HS_m22n,A2,B99,A1,A0,0,99,99,99,99,99,vddpe_1.2000V_vddce_1.2000V_dvdd_1.200V_100.00ns,(P),shmoo_bsmin_vec,RA2PUHDA,2048X8M2F4,A_HS_m22n,A2,B99,A1,A0,0,99,99,99,99,ken99,0.490V,shmoo_bsmin_vec,RA2PUHDA,2048X8M2F4,A_HS_m22n,A2,B99,A1,A0,0,99,99,99,99,ken99,0.490V
1016,tb_vmin_ckb,auto,RA1,Vmax_vec,RA2PUHDA,4096X160M4F4,ABGR_HS_m22n,A2,B99,A1,A0,0,99,99,99,99,99,vddpe_1.2000V_vddce_1.2000V_dvdd_1.200V_100.00ns,(P),shmoo_bsmin_vec,RA2PUHDA,4096X160M4F4,ABGR_HS_m22n,A2,B99,A1,A0,0,99,99,99,99,ken99,0.465V,shmoo_bsmin_vec,RA2PUHDA,4096X160M4F4,ABGR_HS_m22n,A2,B99,A1,A0,0,99,99,99,99,ken99,0.465V
1013,tb_vmin_ckb,auto,RA1,Vmax_vec,RA2PUHDA,4096X160M4F4,ABGR_LP_m22n,A2,B99,A1,A0,0,99,99,99,99,99,vddpe_1.2000V_vddce_1.2000V_dvdd_1.200V_100.00ns,(P),shmoo_bsmin_vec,RA2PUHDA,4096X160M4F4,ABGR_LP_m22n,A2,B99,A1,A0,0,99,99,99,99,ken99,0.435V,shmoo_bsmin_vec,RA2PUHDA,4096X160M4F4,ABGR_LP_m22n,A2,B99,A1,A0,0,99,99,99,99,ken99,0.435V
1013,tb_vmin_ckb,auto,RA1,Vmax_vec,RA2PUHDA,512X80M2F4,ABGW_HS_m22n,A2,B99,A1,A0,0,99,99,99,99,99,vddpe_1.2000V_vddce_1.2000V_dvdd_1.200V_100.00ns,(P),shmoo_bsmin_vec,RA2PUHDA,512X80M2F4,ABGW_HS_m22n,A2,B99,A1,A0,0,99,99,99,99,ken99,0.450V,shmoo_bsmin_vec,RA2PUHDA,512X80M2F4,ABGW_HS_m22n,A2,B99,A1,A0,0,99,99,99,99,ken99,0.450V
1014,tb_vmin_ckb,auto,RA1,Vmax_vec,RA2PUHDA,64X106M4F1,AB_HS_m22n,A2,B99,A1,A0,0,99,99,99,99,99,vddpe_1.2000V_vddce_1.2000V_dvdd_1.200V_100.00ns,(P),shmoo_bsmin_vec,RA2PUHDA,64X106M4F1,AB_HS_m22n,A2,B99,A1,A0,0,99,99,99,99,ken99,0.400V,shmoo_bsmin_vec,RA2PUHDA,64X106M4F1,AB_HS_m22n,A2,B99,A1,A0,0,99,99,99,99,ken99,0.400V
1015,tb_vmin_ckb,auto,RA1,Vmax_vec,RA2PUHDA,64X128M4F1,AB_HS_m22n,A2,B99,A1,A0,0,99,99,99,99,99,vddpe_1.2000V_vddce_1.2000V_dvdd_1.200V_100.00ns,(P),shmoo_bsmin_vec,RA2PUHDA,64X128M4F1,AB_HS_m22n,A2,B99,A1,A0,0,99,99,99,99,ken99,0.395V,shmoo_bsmin_vec,RA2PUHDA,64X128M4F1,AB_HS_m22n,A2,B99,A1,A0,0,99,99,99,99,ken99,0.395V
1014,tb_vmin_ckb,auto,RA1,Vmax_vec,RA2PUHDA,64X160M4F1,AB_HS_m22n,A2,B99,A1,A0,0,99,99,99,99,99,vddpe_1.2000V_vddce_1.2000V_dvdd_1.200V_100.00ns,(P),shmoo_bsmin_vec,RA2PUHDA,64X160M4F1,AB_HS_m22n,A2,B99,A1,A0,0,99,99,99,99,ken99,0.400V,shmoo_bsmin_vec,RA2PUHDA,64X160M4F1,AB_HS_m22n,A2,B99,A1,A0,0,99,99,99,99,ken99,0.400V
1014,tb_vmin_ckb,auto,RA1,Vmax_vec,RA2PUHDA,8192X80M8F4,ABRL_LP_m22n,A2,B99,A1,A0,0,99,99,99,99,99,vddpe_1.2000V_vddce_1.2000V_dvdd_1.200V_100.00ns,(P),shmoo_bsmin_vec,RA2PUHDA,8192X80M8F4,ABRL_LP_m22n,A2,B99,A1,A0,0,99,99,99,99,ken99,0.445V,shmoo_bsmin_vec,RA2PUHDA,8192X80M8F4,ABRL_LP_m22n,A2,B99,A1,A0,0,99,99,99,99,ken99,0.445V
1015,tb_vmin_ckb,auto,RA1,Vmax_vec,RA2PUHDA,8192X80M8F4,AB_HS_m22n,A2,B99,A1,A0,0,99,99,99,99,99,vddpe_1.2000V_vddce_1.2000V_dvdd_1.200V_100.00ns,(P),shmoo_bsmin_vec,RA2PUHDA,8192X80M8F4,AB_HS_m22n,A2,B99,A1,A0,0,99,99,99,99,ken99,0.470V,shmoo_bsmin_vec,RA2PUHDA,8192X80M8F4,AB_HS_m22n,A2,B99,A1,A0,0,99,99,99,99,ken99,0.470V
1014,tb_vmin_ckb,auto,RA1,Vmax_vec,RF1HDA,128X80M8F1,ABTW_HS_m22n,A2,B99,A1,A0,0,99,99,99,99,99,vddpe_1.2000V_vddce_1.2000V_dvdd_1.200V_100.00ns,(P),shmoo_bsmin_vec,RF1HDA,128X80M8F1,ABTW_HS_m22n,A2,B99,A1,A0,0,99,99,99,99,ken99,0.425V,shmoo_bsmin_vec,RF1HDA,128X80M8F1,ABTW_HS_m22n,A2,B99,A1,A0,0,99,99,99,99,ken99,0.425V
1013,tb_vmin_ckb,auto,RA1,Vmax_vec,RF1HDA,128X66M8F1,ABTW_HS_m22n,A2,B99,A1,A0,0,99,99,99,99,99,vddpe_1.2000V_vddce_1.2000V_dvdd_1.200V_100.00ns,(P),shmoo_bsmin_vec,RF1HDA,128X66M8F1,ABTW_HS_m22n,A2,B99,A1,A0,0,99,99,99,99,ken99,0.410V,shmoo_bsmin_vec,RF1HDA,128X66M8F1,ABTW_HS_m22n,A2,B99,A1,A0,0,99,99,99,99,ken99,0.410V
1015,tb_vmin_ckb,auto,RA1,Vmax_vec,RF1HDA,128X64M8F1,ABTW_HS_m22n,A2,B99,A1,A0,0,99,99,99,99,99,vddpe_1.2000V_vddce_1.2000V_dvdd_1.200V_100.00ns,(P),shmoo_bsmin_vec,RF1HDA,128X64M8F1,ABTW_HS_m22n,A2,B99,A1,A0,0,99,99,99,99,ken99,0.450V,shmoo_bsmin_vec,RF1HDA,128X64M8F1,ABTW_HS_m22n,A2,B99,A1,A0,0,99,99,99,99,ken99,0.450V
1015,tb_vmin_ckb,auto,RA1,Vmax_vec,RF1HDA,128X54M8F1,ABTW_HS_m22n,A2,B99,A1,A0,0,99,99,99,99,99,vddpe_1.2000V_vddce_1.2000V_dvdd_1.200V_100.00ns,(P),shmoo_bsmin_vec,RF1HDA,128X54M8F1,ABTW_HS_m22n,A2,B99,A1,A0,0,99,99,99,99,ken99,0.410V,shmoo_bsmin_vec,RF1HDA,128X54M8F1,ABTW_HS_m22n,A2,B99,A1,A0,0,99,99,99,99,ken99,0.410V
1016,tb_vmin_ckb,auto,RA1,Vmax_vec,RF1HDA,512X8M2F1,ABTW_LP_m22n,A2,B99,A1,A0,0,99,99,99,99,99,vddpe_1.2000V_vddce_1.2000V_dvdd_1.200V_100.00ns,(P),shmoo_bsmin_vec,RF1HDA,512X8M2F1,ABTW_LP_m22n,A2,B99,A1,A0,0,99,99,99,99,ken99,0.470V,shmoo_bsmin_vec,RF1HDA,512X8M2F1,ABTW_LP_m22n,A2,B99,A1,A0,0,99,99,99,99,ken99,0.470V
1015,tb_vmin_ckb,auto,RA1,Vmax_vec,RF1HDA,512X160M4F1,ABGRTW_LP_m22n,A2,B99,A1,A0,0,99,99,99,99,99,vddpe_1.2000V_vddce_1.2000V_dvdd_1.200V_100.00ns,(P),shmoo_bsmin_vec,RF1HDA,512X160M4F1,ABGRTW_LP_m22n,A2,B99,A1,A0,0,99,99,99,99,ken99,0.410V,shmoo_bsmin_vec,RF1HDA,512X160M4F1,ABGRTW_LP_m22n,A2,B99,A1,A0,0,99,99,99,99,ken99,0.410V
1016,tb_vmin_ckb,auto,RA1,Vmax_vec,RF1HDA,1024X160M4F1,ABGRTW_LP_m22n,A2,B99,A1,A0,0,99,99,99,99,99,vddpe_1.2000V_vddce_1.2000V_dvdd_1.200V_100.00ns,(P),shmoo_bsmin_vec,RF1HDA,1024X160M4F1,ABGRTW_LP_m22n,A2,B99,A1,A0,0,99,99,99,99,ken99,0.420V,shmoo_bsmin_vec,RF1HDA,1024X160M4F1,ABGRTW_LP_m22n,A2,B99,A1,A0,0,99,99,99,99,ken99,0.420V
1014,tb_vmin_ckb,auto,RA1,Vmax_vec,RF1HDA,512X80M2F1,ABGTW_LP_m22n,A2,B99,A1,A0,0,99,99,99,99,99,vddpe_1.2000V_vddce_1.2000V_dvdd_1.200V_100.00ns,(P),shmoo_bsmin_vec,RF1HDA,512X80M2F1,ABGTW_LP_m22n,A2,B99,A1,A0,0,99,99,99,99,ken99,0.445V,shmoo_bsmin_vec,RF1HDA,512X80M2F1,ABGTW_LP_m22n,A2,B99,A1,A0,0,99,99,99,99,ken99,0.445V
1014,tb_vmin_ckb,auto,RA1,Vmax_vec,RF1HDA,4096X32M16F1,ABGTW_HS_m22n,A2,B99,A1,A0,0,99,99,99,99,99,vddpe_1.2000V_vddce_1.2000V_dvdd_1.200V_100.00ns,(P),shmoo_bsmin_vec,RF1HDA,4096X32M16F1,ABGTW_HS_m22n,A2,B99,A1,A0,0,99,99,99,99,ken99,0.465V,shmoo_bsmin_vec,RF1HDA,4096X32M16F1,ABGTW_HS_m22n,A2,B99,A1,A0,0,99,99,99,99,ken99,0.465V
1014,tb_vmin_ckb,auto,RA1,Vmax_vec,RF1HDA,64X96M2F1,BGW_HS_m22n,A2,B99,A1,A0,0,99,99,99,99,99,vddpe_1.2000V_vddce_1.2000V_dvdd_1.200V_100.00ns,(P),shmoo_bsmin_vec,RF1HDA,64X96M2F1,BGW_HS_m22n,A2,B99,A1,A0,0,99,99,99,99,ken99,0.430V,shmoo_bsmin_vec,RF1HDA,64X96M2F1,BGW_HS_m22n,A2,B99,A1,A0,0,99,99,99,99,ken99,0.430V
1014,tb_vmin_ckb,auto,RA1,Vmax_vec,RF1HDA,512X78M2F1,BGW_HS_m22n,A2,B99,A1,A0,0,99,99,99,99,99,vddpe_1.2000V_vddce_1.2000V_dvdd_1.200V_100.00ns,(P),shmoo_bsmin_vec,RF1HDA,512X78M2F1,BGW_HS_m22n,A2,B99,A1,A0,0,99,99,99,99,ken99,0.490V,shmoo_bsmin_vec,RF1HDA,512X78M2F1,BGW_HS_m22n,A2,B99,A1,A0,0,99,99,99,99,ken99,0.490V
1016,tb_vmin_ckb,auto,RA1,Vmax_vec,RA1HDA,8192X4M4F8,ABRTW_HS_m22n,A3,B99,A1,A0,0,99,99,99,99,99,vddpe_1.2000V_vddce_1.2000V_dvdd_1.200V_100.00ns,(P),shmoo_bsmin_vec,RA1HDA,8192X4M4F8,ABRTW_HS_m22n,A3,B99,A1,A0,0,99,99,99,99,ken99,0.455V,shmoo_bsmin_vec,RA1HDA,8192X4M4F8,ABRTW_HS_m22n,A3,B99,A1,A0,0,99,99,99,99,ken99,0.455V
1013,tb_vmin_ckb,auto,RA1,Vmax_vec,RA1HDA,7168X4M4F8,ABRTW_HS_m22n,A3,B99,A1,A0,0,99,99,99,99,99,vddpe_1.2000V_vddce_1.2000V_dvdd_1.200V_100.00ns,(P),shmoo_bsmin_vec,RA1HDA,7168X4M4F8,ABRTW_HS_m22n,A3,B99,A1,A0,0,99,99,99,99,ken99,0.455V,shmoo_bsmin_vec,RA1HDA,7168X4M4F8,ABRTW_HS_m22n,A3,B99,A1,A0,0,99,99,99,99,ken99,0.455V
1013,tb_vmin_ckb,auto,RA1,Vmax_vec,RA1HDA,256X8M2F2,AB_LP_m22n,A3,B99,A1,A0,0,99,99,99,99,99,vddpe_1.2000V_vddce_1.2000V_dvdd_1.200V_100.00ns,(P),shmoo_bsmin_vec,RA1HDA,256X8M2F2,AB_LP_m22n,A3,B99,A1,A0,0,99,99,99,99,ken99,0.385V,shmoo_bsmin_vec,RA1HDA,256X8M2F2,AB_LP_m22n,A3,B99,A1,A0,0,99,99,99,99,ken99,0.385V
1013,tb_vmin_ckb,auto,RA1,Vmax_vec,RA1HDA,1024X8M2F2,ABTW_LP_m22n,A3,B99,A1,A0,0,99,99,99,99,99,vddpe_1.2000V_vddce_1.2000V_dvdd_1.200V_100.00ns,(P),shmoo_bsmin_vec,RA1HDA,1024X8M2F2,ABTW_LP_m22n,A3,B99,A1,A0,0,99,99,99,99,ken99,0.435V,shmoo_bsmin_vec,RA1HDA,1024X8M2F2,ABTW_LP_m22n,A3,B99,A1,A0,0,99,99,99,99,ken99,0.435V
1013,tb_vmin_ckb,auto,RA1,Vmax_vec,RA1HDA,4096X40M16F4,ABW_LP_m22n,A3,B99,A1,A0,0,99,99,99,99,99,vddpe_1.2000V_vddce_1.2000V_dvdd_1.200V_100.00ns,(P),shmoo_bsmin_vec,RA1HDA,4096X40M16F4,ABW_LP_m22n,A3,B99,A1,A0,0,99,99,99,99,ken99,0.395V,shmoo_bsmin_vec,RA1HDA,4096X40M16F4,ABW_LP_m22n,A3,B99,A1,A0,0,99,99,99,99,ken99,0.395V
1015,tb_vmin_ckb,auto,RA1,Vmax_vec,RA1HDA,2048X40M8F2,AB_LP_m22n,A3,B99,A1,A0,0,99,99,99,99,99,vddpe_1.2000V_vddce_1.2000V_dvdd_1.200V_100.00ns,(P),shmoo_bsmin_vec,RA1HDA,2048X40M8F2,AB_LP_m22n,A3,B99,A1,A0,0,99,99,99,99,ken99,0.405V,shmoo_bsmin_vec,RA1HDA,2048X40M8F2,AB_LP_m22n,A3,B99,A1,A0,0,99,99,99,99,ken99,0.405V
1014,tb_vmin_ckb,auto,RA1,Vmax_vec,RA1HDA,1984X38M8F2,ABW_LP_m22n,A3,B99,A1,A0,0,99,99,99,99,99,vddpe_1.2000V_vddce_1.2000V_dvdd_1.200V_100.00ns,(P),shmoo_bsmin_vec,RA1HDA,1984X38M8F2,ABW_LP_m22n,A3,B99,A1,A0,0,99,99,99,99,ken99,0.405V,shmoo_bsmin_vec,RA1HDA,1984X38M8F2,ABW_LP_m22n,A3,B99,A1,A0,0,99,99,99,99,ken99,0.405V
1013,tb_vmin_ckb,auto,RA1,Vmax_vec,RA1HDA,512X160M4F2,ABRTW_LP_m22n,A3,B99,A1,A0,0,99,99,99,99,99,vddpe_1.2000V_vddce_1.2000V_dvdd_1.200V_100.00ns,(P),shmoo_bsmin_vec,RA1HDA,512X160M4F2,ABRTW_LP_m22n,A3,B99,A1,A0,0,99,99,99,99,ken99,0.400V,shmoo_bsmin_vec,RA1HDA,512X160M4F2,ABRTW_LP_m22n,A3,B99,A1,A0,0,99,99,99,99,ken99,0.400V
1016,tb_vmin_ckb,auto,RA1,Vmax_vec,RA1HDA,32768X40M16F8,ABGTW_HS_m22n,A3,B99,A1,A0,0,99,99,99,99,99,vddpe_1.2000V_vddce_1.2000V_dvdd_1.200V_100.00ns,(P),shmoo_bsmin_vec,RA1HDA,32768X40M16F8,ABGTW_HS_m22n,A3,B99,A1,A0,0,99,99,99,99,ken99,0.480V,shmoo_bsmin_vec,RA1HDA,32768X40M16F8,ABGTW_HS_m22n,A3,B99,A1,A0,0,99,99,99,99,ken99,0.480V
1014,tb_vmin_ckb,auto,RA1,Vmax_vec,RA1HDA,8064X8M4F8,AB_LP_m22n,A3,B99,A1,A0,0,99,99,99,99,99,vddpe_1.2000V_vddce_1.2000V_dvdd_1.200V_100.00ns,(P),shmoo_bsmin_vec,RA1HDA,8064X8M4F8,AB_LP_m22n,A3,B99,A1,A0,0,99,99,99,99,ken99,0.420V,shmoo_bsmin_vec,RA1HDA,8064X8M4F8,AB_LP_m22n,A3,B99,A1,A0,0,99,99,99,99,ken99,0.420V
1013,tb_vmin_ckb,auto,RA1,Vmax_vec,RA2PUHDA,128X80M8F1,AB_HS_m22n,A3,B99,A1,A0,0,99,99,99,99,99,vddpe_1.2000V_vddce_1.2000V_dvdd_1.200V_100.00ns,(P),shmoo_bsmin_vec,RA2PUHDA,128X80M8F1,AB_HS_m22n,A3,B99,A1,A0,0,99,99,99,99,ken99,0.405V,shmoo_bsmin_vec,RA2PUHDA,128X80M8F1,AB_HS_m22n,A3,B99,A1,A0,0,99,99,99,99,ken99,0.405V
1013,tb_vmin_ckb,auto,RA1,Vmax_vec,RA2PUHDA,16X8M2F1,ABGRWL_HS_m22n,A3,B99,A1,A0,0,99,99,99,99,99,vddpe_1.2000V_vddce_1.2000V_dvdd_1.200V_100.00ns,(P),shmoo_bsmin_vec,RA2PUHDA,16X8M2F1,ABGRWL_HS_m22n,A3,B99,A1,A0,0,99,99,99,99,ken99,0.345V,shmoo_bsmin_vec,RA2PUHDA,16X8M2F1,ABGRWL_HS_m22n,A3,B99,A1,A0,0,99,99,99,99,ken99,0.345V
1016,tb_vmin_ckb,auto,RA1,Vmax_vec,RA2PUHDA,192X160M4F1,AB_HS_m22n,A3,B99,A1,A0,0,99,99,99,99,99,vddpe_1.2000V_vddce_1.2000V_dvdd_1.200V_100.00ns,(P),shmoo_bsmin_vec,RA2PUHDA,192X160M4F1,AB_HS_m22n,A3,B99,A1,A0,0,99,99,99,99,ken99,0.405V,shmoo_bsmin_vec,RA2PUHDA,192X160M4F1,AB_HS_m22n,A3,B99,A1,A0,0,99,99,99,99,ken99,0.405V
1014,tb_vmin_ckb,auto,RA1,Vmax_vec,RA2PUHDA,2048X40M8F2,AB_HS_m22n,A3,B99,A1,A0,0,99,99,99,99,99,vddpe_1.2000V_vddce_1.2000V_dvdd_1.200V_100.00ns,(P),shmoo_bsmin_vec,RA2PUHDA,2048X40M8F2,AB_HS_m22n,A3,B99,A1,A0,0,99,99,99,99,ken99,0.435V,shmoo_bsmin_vec,RA2PUHDA,2048X40M8F2,AB_HS_m22n,A3,B99,A1,A0,0,99,99,99,99,ken99,0.435V
1015,tb_vmin_ckb,auto,RA1,Vmax_vec,RA2PUHDA,2048X4M4F2,AB_HS_m22n,A3,B99,A1,A0,0,99,99,99,99,99,vddpe_1.2000V_vddce_1.2000V_dvdd_1.200V_100.00ns,(P),shmoo_bsmin_vec,RA2PUHDA,2048X4M4F2,AB_HS_m22n,A3,B99,A1,A0,0,99,99,99,99,ken99,0.455V,shmoo_bsmin_vec,RA2PUHDA,2048X4M4F2,AB_HS_m22n,A3,B99,A1,A0,0,99,99,99,99,ken99,0.455V
1016,tb_vmin_ckb,auto,RA1,Vmax_vec,RA2PUHDA,2048X4M8F1,AB_HS_m22n,A3,B99,A1,A0,0,99,99,99,99,99,vddpe_1.2000V_vddce_1.2000V_dvdd_1.200V_100.00ns,(P),shmoo_bsmin_vec,RA2PUHDA,2048X4M8F1,AB_HS_m22n,A3,B99,A1,A0,0,99,99,99,99,ken99,0.470V,shmoo_bsmin_vec,RA2PUHDA,2048X4M8F1,AB_HS_m22n,A3,B99,A1,A0,0,99,99,99,99,ken99,0.470V
1013,tb_vmin_ckb,auto,RA1,Vmax_vec,RA2PUHDA,2048X8M2F4,A_HS_m22n,A3,B99,A1,A0,0,99,99,99,99,99,vddpe_1.2000V_vddce_1.2000V_dvdd_1.200V_100.00ns,(P),shmoo_bsmin_vec,RA2PUHDA,2048X8M2F4,A_HS_m22n,A3,B99,A1,A0,0,99,99,99,99,ken99,0.475V,shmoo_bsmin_vec,RA2PUHDA,2048X8M2F4,A_HS_m22n,A3,B99,A1,A0,0,99,99,99,99,ken99,0.475V
1016,tb_vmin_ckb,auto,RA1,Vmax_vec,RA2PUHDA,4096X160M4F4,ABGR_HS_m22n,A3,B99,A1,A0,0,99,99,99,99,99,vddpe_1.2000V_vddce_1.2000V_dvdd_1.200V_100.00ns,(P),shmoo_bsmin_vec,RA2PUHDA,4096X160M4F4,ABGR_HS_m22n,A3,B99,A1,A0,0,99,99,99,99,ken99,0.455V,shmoo_bsmin_vec,RA2PUHDA,4096X160M4F4,ABGR_HS_m22n,A3,B99,A1,A0,0,99,99,99,99,ken99,0.455V
1015,tb_vmin_ckb,auto,RA1,Vmax_vec,RA2PUHDA,4096X160M4F4,ABGR_LP_m22n,A3,B99,A1,A0,0,99,99,99,99,99,vddpe_1.2000V_vddce_1.2000V_dvdd_1.200V_100.00ns,(P),shmoo_bsmin_vec,RA2PUHDA,4096X160M4F4,ABGR_LP_m22n,A3,B99,A1,A0,0,99,99,99,99,ken99,0.425V,shmoo_bsmin_vec,RA2PUHDA,4096X160M4F4,ABGR_LP_m22n,A3,B99,A1,A0,0,99,99,99,99,ken99,0.425V
1014,tb_vmin_ckb,auto,RA1,Vmax_vec,RA2PUHDA,512X80M2F4,ABGW_HS_m22n,A3,B99,A1,A0,0,99,99,99,99,99,vddpe_1.2000V_vddce_1.2000V_dvdd_1.200V_100.00ns,(P),shmoo_bsmin_vec,RA2PUHDA,512X80M2F4,ABGW_HS_m22n,A3,B99,A1,A0,0,99,99,99,99,ken99,0.445V,shmoo_bsmin_vec,RA2PUHDA,512X80M2F4,ABGW_HS_m22n,A3,B99,A1,A0,0,99,99,99,99,ken99,0.445V
1013,tb_vmin_ckb,auto,RA1,Vmax_vec,RA2PUHDA,64X106M4F1,AB_HS_m22n,A3,B99,A1,A0,0,99,99,99,99,99,vddpe_1.2000V_vddce_1.2000V_dvdd_1.200V_100.00ns,(P),shmoo_bsmin_vec,RA2PUHDA,64X106M4F1,AB_HS_m22n,A3,B99,A1,A0,0,99,99,99,99,ken99,0.395V,shmoo_bsmin_vec,RA2PUHDA,64X106M4F1,AB_HS_m22n,A3,B99,A1,A0,0,99,99,99,99,ken99,0.395V
1013,tb_vmin_ckb,auto,RA1,Vmax_vec,RA2PUHDA,64X128M4F1,AB_HS_m22n,A3,B99,A1,A0,0,99,99,99,99,99,vddpe_1.2000V_vddce_1.2000V_dvdd_1.200V_100.00ns,(P),shmoo_bsmin_vec,RA2PUHDA,64X128M4F1,AB_HS_m22n,A3,B99,A1,A0,0,99,99,99,99,ken99,0.385V,shmoo_bsmin_vec,RA2PUHDA,64X128M4F1,AB_HS_m22n,A3,B99,A1,A0,0,99,99,99,99,ken99,0.385V
1013,tb_vmin_ckb,auto,RA1,Vmax_vec,RA2PUHDA,64X160M4F1,AB_HS_m22n,A3,B99,A1,A0,0,99,99,99,99,99,vddpe_1.2000V_vddce_1.2000V_dvdd_1.200V_100.00ns,(P),shmoo_bsmin_vec,RA2PUHDA,64X160M4F1,AB_HS_m22n,A3,B99,A1,A0,0,99,99,99,99,ken99,0.390V,shmoo_bsmin_vec,RA2PUHDA,64X160M4F1,AB_HS_m22n,A3,B99,A1,A0,0,99,99,99,99,ken99,0.390V
1016,tb_vmin_ckb,auto,RA1,Vmax_vec,RA2PUHDA,8192X80M8F4,ABRL_LP_m22n,A3,B99,A1,A0,0,99,99,99,99,99,vddpe_1.2000V_vddce_1.2000V_dvdd_1.200V_100.00ns,(P),shmoo_bsmin_vec,RA2PUHDA,8192X80M8F4,ABRL_LP_m22n,A3,B99,A1,A0,0,99,99,99,99,ken99,0.435V,shmoo_bsmin_vec,RA2PUHDA,8192X80M8F4,ABRL_LP_m22n,A3,B99,A1,A0,0,99,99,99,99,ken99,0.435V
1014,tb_vmin_ckb,auto,RA1,Vmax_vec,RA2PUHDA,8192X80M8F4,AB_HS_m22n,A3,B99,A1,A0,0,99,99,99,99,99,vddpe_1.2000V_vddce_1.2000V_dvdd_1.200V_100.00ns,(P),shmoo_bsmin_vec,RA2PUHDA,8192X80M8F4,AB_HS_m22n,A3,B99,A1,A0,0,99,99,99,99,ken99,0.465V,shmoo_bsmin_vec,RA2PUHDA,8192X80M8F4,AB_HS_m22n,A3,B99,A1,A0,0,99,99,99,99,ken99,0.465V
1013,tb_vmin_ckb,auto,RA1,Vmax_vec,RF1HDA,128X80M8F1,ABTW_HS_m22n,A3,B99,A1,A0,0,99,99,99,99,99,vddpe_1.2000V_vddce_1.2000V_dvdd_1.200V_100.00ns,(P),shmoo_bsmin_vec,RF1HDA,128X80M8F1,ABTW_HS_m22n,A3,B99,A1,A0,0,99,99,99,99,ken99,0.405V,shmoo_bsmin_vec,RF1HDA,128X80M8F1,ABTW_HS_m22n,A3,B99,A1,A0,0,99,99,99,99,ken99,0.405V
1015,tb_vmin_ckb,auto,RA1,Vmax_vec,RF1HDA,128X66M8F1,ABTW_HS_m22n,A3,B99,A1,A0,0,99,99,99,99,99,vddpe_1.2000V_vddce_1.2000V_dvdd_1.200V_100.00ns,(P),shmoo_bsmin_vec,RF1HDA,128X66M8F1,ABTW_HS_m22n,A3,B99,A1,A0,0,99,99,99,99,ken99,0.395V,shmoo_bsmin_vec,RF1HDA,128X66M8F1,ABTW_HS_m22n,A3,B99,A1,A0,0,99,99,99,99,ken99,0.395V
1013,tb_vmin_ckb,auto,RA1,Vmax_vec,RF1HDA,128X64M8F1,ABTW_HS_m22n,A3,B99,A1,A0,0,99,99,99,99,99,vddpe_1.2000V_vddce_1.2000V_dvdd_1.200V_100.00ns,(P),shmoo_bsmin_vec,RF1HDA,128X64M8F1,ABTW_HS_m22n,A3,B99,A1,A0,0,99,99,99,99,ken99,0.440V,shmoo_bsmin_vec,RF1HDA,128X64M8F1,ABTW_HS_m22n,A3,B99,A1,A0,0,99,99,99,99,ken99,0.440V
1013,tb_vmin_ckb,auto,RA1,Vmax_vec,RF1HDA,128X54M8F1,ABTW_HS_m22n,A3,B99,A1,A0,0,99,99,99,99,99,vddpe_1.2000V_vddce_1.2000V_dvdd_1.200V_100.00ns,(P),shmoo_bsmin_vec,RF1HDA,128X54M8F1,ABTW_HS_m22n,A3,B99,A1,A0,0,99,99,99,99,ken99,0.390V,shmoo_bsmin_vec,RF1HDA,128X54M8F1,ABTW_HS_m22n,A3,B99,A1,A0,0,99,99,99,99,ken99,0.390V
1016,tb_vmin_ckb,auto,RA1,Vmax_vec,RF1HDA,512X8M2F1,ABTW_LP_m22n,A3,B99,A1,A0,0,99,99,99,99,99,vddpe_1.2000V_vddce_1.2000V_dvdd_1.200V_100.00ns,(P),shmoo_bsmin_vec,RF1HDA,512X8M2F1,ABTW_LP_m22n,A3,B99,A1,A0,0,99,99,99,99,ken99,0.465V,shmoo_bsmin_vec,RF1HDA,512X8M2F1,ABTW_LP_m22n,A3,B99,A1,A0,0,99,99,99,99,ken99,0.465V
1013,tb_vmin_ckb,auto,RA1,Vmax_vec,RF1HDA,512X160M4F1,ABGRTW_LP_m22n,A3,B99,A1,A0,0,99,99,99,99,99,vddpe_1.2000V_vddce_1.2000V_dvdd_1.200V_100.00ns,(P),shmoo_bsmin_vec,RF1HDA,512X160M4F1,ABGRTW_LP_m22n,A3,B99,A1,A0,0,99,99,99,99,ken99,0.405V,shmoo_bsmin_vec,RF1HDA,512X160M4F1,ABGRTW_LP_m22n,A3,B99,A1,A0,0,99,99,99,99,ken99,0.405V
1014,tb_vmin_ckb,auto,RA1,Vmax_vec,RF1HDA,1024X160M4F1,ABGRTW_LP_m22n,A3,B99,A1,A0,0,99,99,99,99,99,vddpe_1.2000V_vddce_1.2000V_dvdd_1.200V_100.00ns,(P),shmoo_bsmin_vec,RF1HDA,1024X160M4F1,ABGRTW_LP_m22n,A3,B99,A1,A0,0,99,99,99,99,ken99,0.415V,shmoo_bsmin_vec,RF1HDA,1024X160M4F1,ABGRTW_LP_m22n,A3,B99,A1,A0,0,99,99,99,99,ken99,0.415V
1014,tb_vmin_ckb,auto,RA1,Vmax_vec,RF1HDA,512X80M2F1,ABGTW_LP_m22n,A3,B99,A1,A0,0,99,99,99,99,99,vddpe_1.2000V_vddce_1.2000V_dvdd_1.200V_100.00ns,(P),shmoo_bsmin_vec,RF1HDA,512X80M2F1,ABGTW_LP_m22n,A3,B99,A1,A0,0,99,99,99,99,ken99,0.440V,shmoo_bsmin_vec,RF1HDA,512X80M2F1,ABGTW_LP_m22n,A3,B99,A1,A0,0,99,99,99,99,ken99,0.440V
1013,tb_vmin_ckb,auto,RA1,Vmax_vec,RF1HDA,4096X32M16F1,ABGTW_HS_m22n,A3,B99,A1,A0,0,99,99,99,99,99,vddpe_1.2000V_vddce_1.2000V_dvdd_1.200V_100.00ns,(P),shmoo_bsmin_vec,RF1HDA,4096X32M16F1,ABGTW_HS_m22n,A3,B99,A1,A0,0,99,99,99,99,ken99,0.455V,shmoo_bsmin_vec,RF1HDA,4096X32M16F1,ABGTW_HS_m22n,A3,B99,A1,A0,0,99,99,99,99,ken99,0.455V
1016,tb_vmin_ckb,auto,RA1,Vmax_vec,RF1HDA,64X96M2F1,BGW_HS_m22n,A3,B99,A1,A0,0,99,99,99,99,99,vddpe_1.2000V_vddce_1.2000V_dvdd_1.200V_100.00ns,(P),shmoo_bsmin_vec,RF1HDA,64X96M2F1,BGW_HS_m22n,A3,B99,A1,A0,0,99,99,99,99,ken99,0.420V,shmoo_bsmin_vec,RF1HDA,64X96M2F1,BGW_HS_m22n,A3,B99,A1,A0,0,99,99,99,99,ken99,0.420V
1014,tb_vmin_ckb,auto,RA1,Vmax_vec,RF1HDA,512X78M2F1,BGW_HS_m22n,A3,B99,A1,A0,0,99,99,99,99,99,vddpe_1.2000V_vddce_1.2000V_dvdd_1.200V_100.00ns,(P),shmoo_bsmin_vec,RF1HDA,512X78M2F1,BGW_HS_m22n,A3,B99,A1,A0,0,99,99,99,99,ken99,0.470V,shmoo_bsmin_vec,RF1HDA,512X78M2F1,BGW_HS_m22n,A3,B99,A1,A0,0,99,99,99,99,ken99,0.470V
1014,tb_vmin_ckb,auto,RA1,Vmax_vec,RA1HDA,8192X4M4F8,ABRTW_HS_m22n,A7,B99,A1,A0,0,99,99,99,99,99,vddpe_1.2000V_vddce_1.2000V_dvdd_1.200V_100.00ns,(P),shmoo_bsmin_vec,RA1HDA,8192X4M4F8,ABRTW_HS_m22n,A7,B99,A1,A0,0,99,99,99,99,ken99,0.410V,shmoo_bsmin_vec,RA1HDA,8192X4M4F8,ABRTW_HS_m22n,A7,B99,A1,A0,0,99,99,99,99,ken99,0.410V
1016,tb_vmin_ckb,auto,RA1,Vmax_vec,RA1HDA,7168X4M4F8,ABRTW_HS_m22n,A7,B99,A1,A0,0,99,99,99,99,99,vddpe_1.2000V_vddce_1.2000V_dvdd_1.200V_100.00ns,(P),shmoo_bsmin_vec,RA1HDA,7168X4M4F8,ABRTW_HS_m22n,A7,B99,A1,A0,0,99,99,99,99,ken99,0.400V,shmoo_bsmin_vec,RA1HDA,7168X4M4F8,ABRTW_HS_m22n,A7,B99,A1,A0,0,99,99,99,99,ken99,0.400V
1015,tb_vmin_ckb,auto,RA1,Vmax_vec,RA1HDA,256X8M2F2,AB_LP_m22n,A7,B99,A1,A0,0,99,99,99,99,99,vddpe_1.2000V_vddce_1.2000V_dvdd_1.200V_100.00ns,(P),shmoo_bsmin_vec,RA1HDA,256X8M2F2,AB_LP_m22n,A7,B99,A1,A0,0,99,99,99,99,ken99,0.380V,shmoo_bsmin_vec,RA1HDA,256X8M2F2,AB_LP_m22n,A7,B99,A1,A0,0,99,99,99,99,ken99,0.380V
1013,tb_vmin_ckb,auto,RA1,Vmax_vec,RA1HDA,1024X8M2F2,ABTW_LP_m22n,A7,B99,A1,A0,0,99,99,99,99,99,vddpe_1.2000V_vddce_1.2000V_dvdd_1.200V_100.00ns,(P),shmoo_bsmin_vec,RA1HDA,1024X8M2F2,ABTW_LP_m22n,A7,B99,A1,A0,0,99,99,99,99,ken99,0.390V,shmoo_bsmin_vec,RA1HDA,1024X8M2F2,ABTW_LP_m22n,A7,B99,A1,A0,0,99,99,99,99,ken99,0.390V
1014,tb_vmin_ckb,auto,RA1,Vmax_vec,RA1HDA,4096X40M16F4,ABW_LP_m22n,A7,B99,A1,A0,0,99,99,99,99,99,vddpe_1.2000V_vddce_1.2000V_dvdd_1.200V_100.00ns,(P),shmoo_bsmin_vec,RA1HDA,4096X40M16F4,ABW_LP_m22n,A7,B99,A1,A0,0,99,99,99,99,ken99,0.390V,shmoo_bsmin_vec,RA1HDA,4096X40M16F4,ABW_LP_m22n,A7,B99,A1,A0,0,99,99,99,99,ken99,0.390V
1014,tb_vmin_ckb,auto,RA1,Vmax_vec,RA1HDA,2048X40M8F2,AB_LP_m22n,A7,B99,A1,A0,0,99,99,99,99,99,vddpe_1.2000V_vddce_1.2000V_dvdd_1.200V_100.00ns,(P),shmoo_bsmin_vec,RA1HDA,2048X40M8F2,AB_LP_m22n,A7,B99,A1,A0,0,99,99,99,99,ken99,0.385V,shmoo_bsmin_vec,RA1HDA,2048X40M8F2,AB_LP_m22n,A7,B99,A1,A0,0,99,99,99,99,ken99,0.385V
1013,tb_vmin_ckb,auto,RA1,Vmax_vec,RA1HDA,1984X38M8F2,ABW_LP_m22n,A7,B99,A1,A0,0,99,99,99,99,99,vddpe_1.2000V_vddce_1.2000V_dvdd_1.200V_100.00ns,(P),shmoo_bsmin_vec,RA1HDA,1984X38M8F2,ABW_LP_m22n,A7,B99,A1,A0,0,99,99,99,99,ken99,0.380V,shmoo_bsmin_vec,RA1HDA,1984X38M8F2,ABW_LP_m22n,A7,B99,A1,A0,0,99,99,99,99,ken99,0.380V
1013,tb_vmin_ckb,auto,RA1,Vmax_vec,RA1HDA,512X160M4F2,ABRTW_LP_m22n,A7,B99,A1,A0,0,99,99,99,99,99,vddpe_1.2000V_vddce_1.2000V_dvdd_1.200V_100.00ns,(P),shmoo_bsmin_vec,RA1HDA,512X160M4F2,ABRTW_LP_m22n,A7,B99,A1,A0,0,99,99,99,99,ken99,0.395V,shmoo_bsmin_vec,RA1HDA,512X160M4F2,ABRTW_LP_m22n,A7,B99,A1,A0,0,99,99,99,99,ken99,0.395V
1014,tb_vmin_ckb,auto,RA1,Vmax_vec,RA1HDA,32768X40M16F8,ABGTW_HS_m22n,A7,B99,A1,A0,0,99,99,99,99,99,vddpe_1.2000V_vddce_1.2000V_dvdd_1.200V_100.00ns,(P),shmoo_bsmin_vec,RA1HDA,32768X40M16F8,ABGTW_HS_m22n,A7,B99,A1,A0,0,99,99,99,99,ken99,0.430V,shmoo_bsmin_vec,RA1HDA,32768X40M16F8,ABGTW_HS_m22n,A7,B99,A1,A0,0,99,99,99,99,ken99,0.430V
1015,tb_vmin_ckb,auto,RA1,Vmax_vec,RA1HDA,8064X8M4F8,AB_LP_m22n,A7,B99,A1,A0,0,99,99,99,99,99,vddpe_1.2000V_vddce_1.2000V_dvdd_1.200V_100.00ns,(P),shmoo_bsmin_vec,RA1HDA,8064X8M4F8,AB_LP_m22n,A7,B99,A1,A0,0,99,99,99,99,ken99,0.405V,shmoo_bsmin_vec,RA1HDA,8064X8M4F8,AB_LP_m22n,A7,B99,A1,A0,0,99,99,99,99,ken99,0.405V
1013,tb_vmin_ckb,auto,RA1,Vmax_vec,RA2PUHDA,128X80M8F1,AB_HS_m22n,A7,B99,A1,A0,0,99,99,99,99,99,vddpe_1.2000V_vddce_1.2000V_dvdd_1.200V_100.00ns,(P),shmoo_bsmin_vec,RA2PUHDA,128X80M8F1,AB_HS_m22n,A7,B99,A1,A0,0,99,99,99,99,ken99,0.385V,shmoo_bsmin_vec,RA2PUHDA,128X80M8F1,AB_HS_m22n,A7,B99,A1,A0,0,99,99,99,99,ken99,0.385V
1013,tb_vmin_ckb,auto,RA1,Vmax_vec,RA2PUHDA,16X8M2F1,ABGRWL_HS_m22n,A7,B99,A1,A0,0,99,99,99,99,99,vddpe_1.2000V_vddce_1.2000V_dvdd_1.200V_100.00ns,(P),shmoo_bsmin_vec,RA2PUHDA,16X8M2F1,ABGRWL_HS_m22n,A7,B99,A1,A0,0,99,99,99,99,ken99,0.330V,shmoo_bsmin_vec,RA2PUHDA,16X8M2F1,ABGRWL_HS_m22n,A7,B99,A1,A0,0,99,99,99,99,ken99,0.330V
1013,tb_vmin_ckb,auto,RA1,Vmax_vec,RA2PUHDA,192X160M4F1,AB_HS_m22n,A7,B99,A1,A0,0,99,99,99,99,99,vddpe_1.2000V_vddce_1.2000V_dvdd_1.200V_100.00ns,(P),shmoo_bsmin_vec,RA2PUHDA,192X160M4F1,AB_HS_m22n,A7,B99,A1,A0,0,99,99,99,99,ken99,0.370V,shmoo_bsmin_vec,RA2PUHDA,192X160M4F1,AB_HS_m22n,A7,B99,A1,A0,0,99,99,99,99,ken99,0.370V
1016,tb_vmin_ckb,auto,RA1,Vmax_vec,RA2PUHDA,2048X40M8F2,AB_HS_m22n,A7,B99,A1,A0,0,99,99,99,99,99,vddpe_1.2000V_vddce_1.2000V_dvdd_1.200V_100.00ns,(P),shmoo_bsmin_vec,RA2PUHDA,2048X40M8F2,AB_HS_m22n,A7,B99,A1,A0,0,99,99,99,99,ken99,0.385V,shmoo_bsmin_vec,RA2PUHDA,2048X40M8F2,AB_HS_m22n,A7,B99,A1,A0,0,99,99,99,99,ken99,0.385V
1016,tb_vmin_ckb,auto,RA1,Vmax_vec,RA2PUHDA,2048X4M4F2,AB_HS_m22n,A7,B99,A1,A0,0,99,99,99,99,99,vddpe_1.2000V_vddce_1.2000V_dvdd_1.200V_100.00ns,(P),shmoo_bsmin_vec,RA2PUHDA,2048X4M4F2,AB_HS_m22n,A7,B99,A1,A0,0,99,99,99,99,ken99,0.400V,shmoo_bsmin_vec,RA2PUHDA,2048X4M4F2,AB_HS_m22n,A7,B99,A1,A0,0,99,99,99,99,ken99,0.400V
1013,tb_vmin_ckb,auto,RA1,Vmax_vec,RA2PUHDA,2048X4M8F1,AB_HS_m22n,A7,B99,A1,A0,0,99,99,99,99,99,vddpe_1.2000V_vddce_1.2000V_dvdd_1.200V_100.00ns,(P),shmoo_bsmin_vec,RA2PUHDA,2048X4M8F1,AB_HS_m22n,A7,B99,A1,A0,0,99,99,99,99,ken99,0.410V,shmoo_bsmin_vec,RA2PUHDA,2048X4M8F1,AB_HS_m22n,A7,B99,A1,A0,0,99,99,99,99,ken99,0.410V
1016,tb_vmin_ckb,auto,RA1,Vmax_vec,RA2PUHDA,2048X8M2F4,A_HS_m22n,A7,B99,A1,A0,0,99,99,99,99,99,vddpe_1.2000V_vddce_1.2000V_dvdd_1.200V_100.00ns,(P),shmoo_bsmin_vec,RA2PUHDA,2048X8M2F4,A_HS_m22n,A7,B99,A1,A0,0,99,99,99,99,ken99,0.430V,shmoo_bsmin_vec,RA2PUHDA,2048X8M2F4,A_HS_m22n,A7,B99,A1,A0,0,99,99,99,99,ken99,0.430V
1015,tb_vmin_ckb,auto,RA1,Vmax_vec,RA2PUHDA,4096X160M4F4,ABGR_HS_m22n,A7,B99,A1,A0,0,99,99,99,99,99,vddpe_1.2000V_vddce_1.2000V_dvdd_1.200V_100.00ns,(P),shmoo_bsmin_vec,RA2PUHDA,4096X160M4F4,ABGR_HS_m22n,A7,B99,A1,A0,0,99,99,99,99,ken99,0.415V,shmoo_bsmin_vec,RA2PUHDA,4096X160M4F4,ABGR_HS_m22n,A7,B99,A1,A0,0,99,99,99,99,ken99,0.415V
1016,tb_vmin_ckb,auto,RA1,Vmax_vec,RA2PUHDA,4096X160M4F4,ABGR_LP_m22n,A7,B99,A1,A0,0,99,99,99,99,99,vddpe_1.2000V_vddce_1.2000V_dvdd_1.200V_100.00ns,(P),shmoo_bsmin_vec,RA2PUHDA,4096X160M4F4,ABGR_LP_m22n,A7,B99,A1,A0,0,99,99,99,99,ken99,0.400V,shmoo_bsmin_vec,RA2PUHDA,4096X160M4F4,ABGR_LP_m22n,A7,B99,A1,A0,0,99,99,99,99,ken99,0.400V
1013,tb_vmin_ckb,auto,RA1,Vmax_vec,RA2PUHDA,512X80M2F4,ABGW_HS_m22n,A7,B99,A1,A0,0,99,99,99,99,99,vddpe_1.2000V_vddce_1.2000V_dvdd_1.200V_100.00ns,(P),shmoo_bsmin_vec,RA2PUHDA,512X80M2F4,ABGW_HS_m22n,A7,B99,A1,A0,0,99,99,99,99,ken99,0.375V,shmoo_bsmin_vec,RA2PUHDA,512X80M2F4,ABGW_HS_m22n,A7,B99,A1,A0,0,99,99,99,99,ken99,0.375V
1015,tb_vmin_ckb,auto,RA1,Vmax_vec,RA2PUHDA,64X106M4F1,AB_HS_m22n,A7,B99,A1,A0,0,99,99,99,99,99,vddpe_1.2000V_vddce_1.2000V_dvdd_1.200V_100.00ns,(P),shmoo_bsmin_vec,RA2PUHDA,64X106M4F1,AB_HS_m22n,A7,B99,A1,A0,0,99,99,99,99,ken99,0.375V,shmoo_bsmin_vec,RA2PUHDA,64X106M4F1,AB_HS_m22n,A7,B99,A1,A0,0,99,99,99,99,ken99,0.375V
1013,tb_vmin_ckb,auto,RA1,Vmax_vec,RA2PUHDA,64X128M4F1,AB_HS_m22n,A7,B99,A1,A0,0,99,99,99,99,99,vddpe_1.2000V_vddce_1.2000V_dvdd_1.200V_100.00ns,(P),shmoo_bsmin_vec,RA2PUHDA,64X128M4F1,AB_HS_m22n,A7,B99,A1,A0,0,99,99,99,99,ken99,0.365V,shmoo_bsmin_vec,RA2PUHDA,64X128M4F1,AB_HS_m22n,A7,B99,A1,A0,0,99,99,99,99,ken99,0.365V
1013,tb_vmin_ckb,auto,RA1,Vmax_vec,RA2PUHDA,64X160M4F1,AB_HS_m22n,A7,B99,A1,A0,0,99,99,99,99,99,vddpe_1.2000V_vddce_1.2000V_dvdd_1.200V_100.00ns,(P),shmoo_bsmin_vec,RA2PUHDA,64X160M4F1,AB_HS_m22n,A7,B99,A1,A0,0,99,99,99,99,ken99,0.375V,shmoo_bsmin_vec,RA2PUHDA,64X160M4F1,AB_HS_m22n,A7,B99,A1,A0,0,99,99,99,99,ken99,0.375V
1015,tb_vmin_ckb,auto,RA1,Vmax_vec,RA2PUHDA,8192X80M8F4,ABRL_LP_m22n,A7,B99,A1,A0,0,99,99,99,99,99,vddpe_1.2000V_vddce_1.2000V_dvdd_1.200V_100.00ns,(P),shmoo_bsmin_vec,RA2PUHDA,8192X80M8F4,ABRL_LP_m22n,A7,B99,A1,A0,0,99,99,99,99,ken99,0.415V,shmoo_bsmin_vec,RA2PUHDA,8192X80M8F4,ABRL_LP_m22n,A7,B99,A1,A0,0,99,99,99,99,ken99,0.415V
1013,tb_vmin_ckb,auto,RA1,Vmax_vec,RA2PUHDA,8192X80M8F4,AB_HS_m22n,A7,B99,A1,A0,0,99,99,99,99,99,vddpe_1.2000V_vddce_1.2000V_dvdd_1.200V_100.00ns,(P),shmoo_bsmin_vec,RA2PUHDA,8192X80M8F4,AB_HS_m22n,A7,B99,A1,A0,0,99,99,99,99,ken99,0.425V,shmoo_bsmin_vec,RA2PUHDA,8192X80M8F4,AB_HS_m22n,A7,B99,A1,A0,0,99,99,99,99,ken99,0.425V
1015,tb_vmin_ckb,auto,RA1,Vmax_vec,RF1HDA,128X80M8F1,ABTW_HS_m22n,A7,B99,A1,A0,0,99,99,99,99,99,vddpe_1.2000V_vddce_1.2000V_dvdd_1.200V_100.00ns,(P),shmoo_bsmin_vec,RF1HDA,128X80M8F1,ABTW_HS_m22n,A7,B99,A1,A0,0,99,99,99,99,ken99,0.370V,shmoo_bsmin_vec,RF1HDA,128X80M8F1,ABTW_HS_m22n,A7,B99,A1,A0,0,99,99,99,99,ken99,0.370V
1013,tb_vmin_ckb,auto,RA1,Vmax_vec,RF1HDA,128X66M8F1,ABTW_HS_m22n,A7,B99,A1,A0,0,99,99,99,99,99,vddpe_1.2000V_vddce_1.2000V_dvdd_1.200V_100.00ns,(P),shmoo_bsmin_vec,RF1HDA,128X66M8F1,ABTW_HS_m22n,A7,B99,A1,A0,0,99,99,99,99,ken99,0.365V,shmoo_bsmin_vec,RF1HDA,128X66M8F1,ABTW_HS_m22n,A7,B99,A1,A0,0,99,99,99,99,ken99,0.365V
1015,tb_vmin_ckb,auto,RA1,Vmax_vec,RF1HDA,128X64M8F1,ABTW_HS_m22n,A7,B99,A1,A0,0,99,99,99,99,99,vddpe_1.2000V_vddce_1.2000V_dvdd_1.200V_100.00ns,(P),shmoo_bsmin_vec,RF1HDA,128X64M8F1,ABTW_HS_m22n,A7,B99,A1,A0,0,99,99,99,99,ken99,0.425V,shmoo_bsmin_vec,RF1HDA,128X64M8F1,ABTW_HS_m22n,A7,B99,A1,A0,0,99,99,99,99,ken99,0.425V
1013,tb_vmin_ckb,auto,RA1,Vmax_vec,RF1HDA,128X54M8F1,ABTW_HS_m22n,A7,B99,A1,A0,0,99,99,99,99,99,vddpe_1.2000V_vddce_1.2000V_dvdd_1.200V_100.00ns,(P),shmoo_bsmin_vec,RF1HDA,128X54M8F1,ABTW_HS_m22n,A7,B99,A1,A0,0,99,99,99,99,ken99,0.355V,shmoo_bsmin_vec,RF1HDA,128X54M8F1,ABTW_HS_m22n,A7,B99,A1,A0,0,99,99,99,99,ken99,0.355V
1014,tb_vmin_ckb,auto,RA1,Vmax_vec,RF1HDA,512X8M2F1,ABTW_LP_m22n,A7,B99,A1,A0,0,99,99,99,99,99,vddpe_1.2000V_vddce_1.2000V_dvdd_1.200V_100.00ns,(P),shmoo_bsmin_vec,RF1HDA,512X8M2F1,ABTW_LP_m22n,A7,B99,A1,A0,0,99,99,99,99,ken99,0.410V,shmoo_bsmin_vec,RF1HDA,512X8M2F1,ABTW_LP_m22n,A7,B99,A1,A0,0,99,99,99,99,ken99,0.410V
1016,tb_vmin_ckb,auto,RA1,Vmax_vec,RF1HDA,512X160M4F1,ABGRTW_LP_m22n,A7,B99,A1,A0,0,99,99,99,99,99,vddpe_1.2000V_vddce_1.2000V_dvdd_1.200V_100.00ns,(P),shmoo_bsmin_vec,RF1HDA,512X160M4F1,ABGRTW_LP_m22n,A7,B99,A1,A0,0,99,99,99,99,ken99,0.395V,shmoo_bsmin_vec,RF1HDA,512X160M4F1,ABGRTW_LP_m22n,A7,B99,A1,A0,0,99,99,99,99,ken99,0.395V
1014,tb_vmin_ckb,auto,RA1,Vmax_vec,RF1HDA,1024X160M4F1,ABGRTW_LP_m22n,A7,B99,A1,A0,0,99,99,99,99,99,vddpe_1.2000V_vddce_1.2000V_dvdd_1.200V_100.00ns,(P),shmoo_bsmin_vec,RF1HDA,1024X160M4F1,ABGRTW_LP_m22n,A7,B99,A1,A0,0,99,99,99,99,ken99,0.395V,shmoo_bsmin_vec,RF1HDA,1024X160M4F1,ABGRTW_LP_m22n,A7,B99,A1,A0,0,99,99,99,99,ken99,0.395V
1013,tb_vmin_ckb,auto,RA1,Vmax_vec,RF1HDA,512X80M2F1,ABGTW_LP_m22n,A7,B99,A1,A0,0,99,99,99,99,99,vddpe_1.2000V_vddce_1.2000V_dvdd_1.200V_100.00ns,(P),shmoo_bsmin_vec,RF1HDA,512X80M2F1,ABGTW_LP_m22n,A7,B99,A1,A0,0,99,99,99,99,ken99,0.395V,shmoo_bsmin_vec,RF1HDA,512X80M2F1,ABGTW_LP_m22n,A7,B99,A1,A0,0,99,99,99,99,ken99,0.395V
1014,tb_vmin_ckb,auto,RA1,Vmax_vec,RF1HDA,4096X32M16F1,ABGTW_HS_m22n,A7,B99,A1,A0,0,99,99,99,99,99,vddpe_1.2000V_vddce_1.2000V_dvdd_1.200V_100.00ns,(P),shmoo_bsmin_vec,RF1HDA,4096X32M16F1,ABGTW_HS_m22n,A7,B99,A1,A0,0,99,99,99,99,ken99,0.415V,shmoo_bsmin_vec,RF1HDA,4096X32M16F1,ABGTW_HS_m22n,A7,B99,A1,A0,0,99,99,99,99,ken99,0.415V
1015,tb_vmin_ckb,auto,RA1,Vmax_vec,RF1HDA,64X96M2F1,BGW_HS_m22n,A7,B99,A1,A0,0,99,99,99,99,99,vddpe_1.2000V_vddce_1.2000V_dvdd_1.200V_100.00ns,(P),shmoo_bsmin_vec,RF1HDA,64X96M2F1,BGW_HS_m22n,A7,B99,A1,A0,0,99,99,99,99,ken99,0.370V,shmoo_bsmin_vec,RF1HDA,64X96M2F1,BGW_HS_m22n,A7,B99,A1,A0,0,99,99,99,99,ken99,0.370V
1015,tb_vmin_ckb,auto,RA1,Vmax_vec,RF1HDA,512X78M2F1,BGW_HS_m22n,A7,B99,A1,A0,0,99,99,99,99,99,vddpe_1.2000V_vddce_1.2000V_dvdd_1.200V_100.00ns,(P),shmoo_bsmin_vec,RF1HDA,512X78M2F1,BGW_HS_m22n,A7,B99,A1,A0,0,99,99,99,99,ken99,0.405V,shmoo_bsmin_vec,RF1HDA,512X78M2F1,BGW_HS_m22n,A7,B99,A1,A0,0,99,99,99,99,ken99,0.405V
3000,tb_vmin_ckb,auto,ROM,Vmax_vec,ROVA,32768X40M32,BGS_LP_sn,A2,B99,A99,A99,99,99,99,99,99,1,vddpe_1.2000V_vddce_1.2000V_dvdd_1.200V_100.00ns,(P),shmoo_bsmin_vec,ROVA,32768X40M32,BGS_LP_sn,A2,B99,A99,A99,99,99,99,99,99,ken1,0.320V,shmoo_bsmin_vec,ROVA,32768X40M32,BGS_LP_sn,A2,B99,A99,A99,99,99,99,99,99,ken1,0.320V
1016,tb_vmin_ckb,auto,ROM,Vmax_vec,ROVA,2048X9M64,BGS_LP_sn,A2,B99,A99,A99,99,99,99,99,99,1,vddpe_1.2000V_vddce_1.2000V_dvdd_1.200V_100.00ns,(P),shmoo_bsmin_vec,ROVA,2048X9M64,BGS_LP_sn,A2,B99,A99,A99,99,99,99,99,99,ken1,0.305V,shmoo_bsmin_vec,ROVA,2048X9M64,BGS_LP_sn,A2,B99,A99,A99,99,99,99,99,99,ken1,0.305V
1013,tb_vmin_ckb,auto,ROM,Vmax_vec,ROVA,256X4M8,BG_LP_sn,A2,B99,A99,A99,99,99,99,99,99,1,vddpe_1.2000V_vddce_1.2000V_dvdd_1.200V_100.00ns,(P),shmoo_bsmin_vec,ROVA,256X4M8,BG_LP_sn,A2,B99,A99,A99,99,99,99,99,99,ken1,0.295V,shmoo_bsmin_vec,ROVA,256X4M8,BG_LP_sn,A2,B99,A99,A99,99,99,99,99,99,ken1,0.295V
1013,tb_vmin_ckb,auto,ROM,Vmax_vec,ROVA,256X160M8,BG_LP_sn,A2,B99,A99,A99,99,99,99,99,99,1,vddpe_1.2000V_vddce_1.2000V_dvdd_1.200V_100.00ns,(P),shmoo_bsmin_vec,ROVA,256X160M8,BG_LP_sn,A2,B99,A99,A99,99,99,99,99,99,ken1,0.300V,shmoo_bsmin_vec,ROVA,256X160M8,BG_LP_sn,A2,B99,A99,A99,99,99,99,99,99,ken1,0.300V
1013,tb_vmin_ckb,auto,ROM,Vmax_vec,ROVA,8192X160M8,BG_LP_sn,A2,B99,A99,A99,99,99,99,99,99,1,vddpe_1.2000V_vddce_1.2000V_dvdd_1.200V_100.00ns,(P),shmoo_bsmin_vec,ROVA,8192X160M8,BG_LP_sn,A2,B99,A99,A99,99,99,99,99,99,ken1,0.325V,shmoo_bsmin_vec,ROVA,8192X160M8,BG_LP_sn,A2,B99,A99,A99,99,99,99,99,99,ken1,0.325V
1015,tb_vmin_ckb,auto,ROM,Vmax_vec,ROVA,1024X4M16,BG_LP_sn,A2,B99,A99,A99,99,99,99,99,99,1,vddpe_1.2000V_vddce_1.2000V_dvdd_1.200V_100.00ns,(P),shmoo_bsmin_vec,ROVA,1024X4M16,BG_LP_sn,A2,B99,A99,A99,99,99,99,99,99,ken1,0.305V,shmoo_bsmin_vec,ROVA,1024X4M16,BG_LP_sn,A2,B99,A99,A99,99,99,99,99,99,ken1,0.305V
1013,tb_vmin_ckb,auto,ROM,Vmax_vec,ROVA,512X80M16,BG_LP_sn,A2,B99,A99,A99,99,99,99,99,99,1,vddpe_1.2000V_vddce_1.2000V_dvdd_1.200V_100.00ns,(P),shmoo_bsmin_vec,ROVA,512X80M16,BG_LP_sn,A2,B99,A99,A99,99,99,99,99,99,ken1,0.305V,shmoo_bsmin_vec,ROVA,512X80M16,BG_LP_sn,A2,B99,A99,A99,99,99,99,99,99,ken1,0.305V
1013,tb_vmin_ckb,auto,ROM,Vmax_vec,ROVA,16384X4M16,BG_LP_sn,A2,B99,A99,A99,99,99,99,99,99,1,vddpe_1.2000V_vddce_1.2000V_dvdd_1.200V_100.00ns,(P),shmoo_bsmin_vec,ROVA,16384X4M16,BG_LP_sn,A2,B99,A99,A99,99,99,99,99,99,ken1,0.300V,shmoo_bsmin_vec,ROVA,16384X4M16,BG_LP_sn,A2,B99,A99,A99,99,99,99,99,99,ken1,0.300V
1013,tb_vmin_ckb,auto,ROM,Vmax_vec,ROVA,12352X79M16,BG_LP_sn,A2,B99,A99,A99,99,99,99,99,99,1,vddpe_1.2000V_vddce_1.2000V_dvdd_1.200V_100.00ns,(P),shmoo_bsmin_vec,ROVA,12352X79M16,BG_LP_sn,A2,B99,A99,A99,99,99,99,99,99,ken1,0.335V,shmoo_bsmin_vec,ROVA,12352X79M16,BG_LP_sn,A2,B99,A99,A99,99,99,99,99,99,ken1,0.335V
1014,tb_vmin_ckb,auto,ROM,Vmax_vec,ROVA,4096X32M32,BG_LP_sn,A2,B99,A99,A99,99,99,99,99,99,1,vddpe_1.2000V_vddce_1.2000V_dvdd_1.200V_100.00ns,(P),shmoo_bsmin_vec,ROVA,4096X32M32,BG_LP_sn,A2,B99,A99,A99,99,99,99,99,99,ken1,0.300V,shmoo_bsmin_vec,ROVA,4096X32M32,BG_LP_sn,A2,B99,A99,A99,99,99,99,99,99,ken1,0.300V
1013,tb_vmin_ckb,auto,ROM,Vmax_vec,ROVA,8192X32M32,BG_LP_sn,A2,B99,A99,A99,99,99,99,99,99,1,vddpe_1.2000V_vddce_1.2000V_dvdd_1.200V_100.00ns,(P),shmoo_bsmin_vec,ROVA,8192X32M32,BG_LP_sn,A2,B99,A99,A99,99,99,99,99,99,ken1,0.310V,shmoo_bsmin_vec,ROVA,8192X32M32,BG_LP_sn,A2,B99,A99,A99,99,99,99,99,99,ken1,0.310V
1013,tb_vmin_ckb,auto,ROM,Vmax_vec,ROVA,20608X40M32,BG_LP_sn,A2,B99,A99,A99,99,99,99,99,99,1,vddpe_1.2000V_vddce_1.2000V_dvdd_1.200V_100.00ns,(P),shmoo_bsmin_vec,ROVA,20608X40M32,BG_LP_sn,A2,B99,A99,A99,99,99,99,99,99,ken1,0.310V,shmoo_bsmin_vec,ROVA,20608X40M32,BG_LP_sn,A2,B99,A99,A99,99,99,99,99,99,ken1,0.310V
1013,tb_vmin_ckb,auto,ROM,Vmax_vec,ROVA,32768X40M32,BG_LP_sn,A2,B99,A99,A99,99,99,99,99,99,1,vddpe_1.2000V_vddce_1.2000V_dvdd_1.200V_100.00ns,(P),shmoo_bsmin_vec,ROVA,32768X40M32,BG_LP_sn,A2,B99,A99,A99,99,99,99,99,99,ken1,0.335V,shmoo_bsmin_vec,ROVA,32768X40M32,BG_LP_sn,A2,B99,A99,A99,99,99,99,99,99,ken1,0.335V
1016,tb_vmin_ckb,auto,ROM,Vmax_vec,ROVA,2048X20M64,BG_LP_sn,A2,B99,A99,A99,99,99,99,99,99,1,vddpe_1.2000V_vddce_1.2000V_dvdd_1.200V_100.00ns,(P),shmoo_bsmin_vec,ROVA,2048X20M64,BG_LP_sn,A2,B99,A99,A99,99,99,99,99,99,ken1,0.305V,shmoo_bsmin_vec,ROVA,2048X20M64,BG_LP_sn,A2,B99,A99,A99,99,99,99,99,99,ken1,0.305V
1013,tb_vmin_ckb,auto,ROM,Vmax_vec,ROVA,65536X4M64,BG_LP_sn,A2,B99,A99,A99,99,99,99,99,99,1,vddpe_1.2000V_vddce_1.2000V_dvdd_1.200V_100.00ns,(P),shmoo_bsmin_vec,ROVA,65536X4M64,BG_LP_sn,A2,B99,A99,A99,99,99,99,99,99,ken1,0.310V,shmoo_bsmin_vec,ROVA,65536X4M64,BG_LP_sn,A2,B99,A99,A99,99,99,99,99,99,ken1,0.310V
1013,tb_vmin_ckb,auto,ROM,Vmax_vec,ROVA,1024X72M8,BGS_LP_sn,A2,B99,A99,A99,99,99,99,99,99,1,vddpe_1.2000V_vddce_1.2000V_dvdd_1.200V_100.00ns,(P),shmoo_bsmin_vec,ROVA,1024X72M8,BGS_LP_sn,A2,B99,A99,A99,99,99,99,99,99,ken1,0.335V,shmoo_bsmin_vec,ROVA,1024X72M8,BGS_LP_sn,A2,B99,A99,A99,99,99,99,99,99,ken1,0.335V
1013,tb_vmin_ckb,auto,ROM,Vmax_vec,ROVA,2048X72M8,BGS_LP_sn,A2,B99,A99,A99,99,99,99,99,99,1,vddpe_1.2000V_vddce_1.2000V_dvdd_1.200V_100.00ns,(P),shmoo_bsmin_vec,ROVA,2048X72M8,BGS_LP_sn,A2,B99,A99,A99,99,99,99,99,99,ken1,0.315V,shmoo_bsmin_vec,ROVA,2048X72M8,BGS_LP_sn,A2,B99,A99,A99,99,99,99,99,99,ken1,0.315V
1014,tb_vmin_ckb,auto,ROM,Vmax_vec,ROVA,608X116M8,BGS_LP_sn,A2,B99,A99,A99,99,99,99,99,99,1,vddpe_1.2000V_vddce_1.2000V_dvdd_1.200V_100.00ns,(P),shmoo_bsmin_vec,ROVA,608X116M8,BGS_LP_sn,A2,B99,A99,A99,99,99,99,99,99,ken1,0.310V,shmoo_bsmin_vec,ROVA,608X116M8,BGS_LP_sn,A2,B99,A99,A99,99,99,99,99,99,ken1,0.310V
1013,tb_vmin_ckb,auto,ROM,Vmax_vec,ROVA,4096X72M8,BGS_LP_sn,A2,B99,A99,A99,99,99,99,99,99,1,vddpe_1.2000V_vddce_1.2000V_dvdd_1.200V_100.00ns,(P),shmoo_bsmin_vec,ROVA,4096X72M8,BGS_LP_sn,A2,B99,A99,A99,99,99,99,99,99,ken1,0.315V,shmoo_bsmin_vec,ROVA,4096X72M8,BGS_LP_sn,A2,B99,A99,A99,99,99,99,99,99,ken1,0.315V
1013,tb_vmin_ckb,auto,ROM,Vmax_vec,ROVA,8192X72M16,BGS_LP_sn,A2,B99,A99,A99,99,99,99,99,99,1,vddpe_1.2000V_vddce_1.2000V_dvdd_1.200V_100.00ns,(P),shmoo_bsmin_vec,ROVA,8192X72M16,BGS_LP_sn,A2,B99,A99,A99,99,99,99,99,99,ken1,0.345V,shmoo_bsmin_vec,ROVA,8192X72M16,BGS_LP_sn,A2,B99,A99,A99,99,99,99,99,99,ken1,0.345V
1014,tb_vmin_ckb,auto,ROM,Vmax_vec,ROVA,16384X72M16,BGS_LP_sn,A2,B99,A99,A99,99,99,99,99,99,1,vddpe_1.2000V_vddce_1.2000V_dvdd_1.200V_100.00ns,(P),shmoo_bsmin_vec,ROVA,16384X72M16,BGS_LP_sn,A2,B99,A99,A99,99,99,99,99,99,ken1,0.315V,shmoo_bsmin_vec,ROVA,16384X72M16,BGS_LP_sn,A2,B99,A99,A99,99,99,99,99,99,ken1,0.315V
1013,tb_vmin_ckb,auto,ROM,Vmax_vec,ROVA,32768X40M32,BGS_LP_sn,A3,B99,A99,A99,99,99,99,99,99,1,vddpe_1.2000V_vddce_1.2000V_dvdd_1.200V_100.00ns,(P),shmoo_bsmin_vec,ROVA,32768X40M32,BGS_LP_sn,A3,B99,A99,A99,99,99,99,99,99,ken1,0.330V,shmoo_bsmin_vec,ROVA,32768X40M32,BGS_LP_sn,A3,B99,A99,A99,99,99,99,99,99,ken1,0.330V
1013,tb_vmin_ckb,auto,ROM,Vmax_vec,ROVA,2048X9M64,BGS_LP_sn,A3,B99,A99,A99,99,99,99,99,99,1,vddpe_1.2000V_vddce_1.2000V_dvdd_1.200V_100.00ns,(P),shmoo_bsmin_vec,ROVA,2048X9M64,BGS_LP_sn,A3,B99,A99,A99,99,99,99,99,99,ken1,0.305V,shmoo_bsmin_vec,ROVA,2048X9M64,BGS_LP_sn,A3,B99,A99,A99,99,99,99,99,99,ken1,0.305V
1013,tb_vmin_ckb,auto,ROM,Vmax_vec,ROVA,256X4M8,BG_LP_sn,A3,B99,A99,A99,99,99,99,99,99,1,vddpe_1.2000V_vddce_1.2000V_dvdd_1.200V_100.00ns,(P),shmoo_bsmin_vec,ROVA,256X4M8,BG_LP_sn,A3,B99,A99,A99,99,99,99,99,99,ken1,0.305V,shmoo_bsmin_vec,ROVA,256X4M8,BG_LP_sn,A3,B99,A99,A99,99,99,99,99,99,ken1,0.305V
1013,tb_vmin_ckb,auto,ROM,Vmax_vec,ROVA,256X160M8,BG_LP_sn,A3,B99,A99,A99,99,99,99,99,99,1,vddpe_1.2000V_vddce_1.2000V_dvdd_1.200V_100.00ns,(P),shmoo_bsmin_vec,ROVA,256X160M8,BG_LP_sn,A3,B99,A99,A99,99,99,99,99,99,ken1,0.300V,shmoo_bsmin_vec,ROVA,256X160M8,BG_LP_sn,A3,B99,A99,A99,99,99,99,99,99,ken1,0.300V
1014,tb_vmin_ckb,auto,ROM,Vmax_vec,ROVA,8192X160M8,BG_LP_sn,A3,B99,A99,A99,99,99,99,99,99,1,vddpe_1.2000V_vddce_1.2000V_dvdd_1.200V_100.00ns,(P),shmoo_bsmin_vec,ROVA,8192X160M8,BG_LP_sn,A3,B99,A99,A99,99,99,99,99,99,ken1,0.320V,shmoo_bsmin_vec,ROVA,8192X160M8,BG_LP_sn,A3,B99,A99,A99,99,99,99,99,99,ken1,0.320V
1013,tb_vmin_ckb,auto,ROM,Vmax_vec,ROVA,1024X4M16,BG_LP_sn,A3,B99,A99,A99,99,99,99,99,99,1,vddpe_1.2000V_vddce_1.2000V_dvdd_1.200V_100.00ns,(P),shmoo_bsmin_vec,ROVA,1024X4M16,BG_LP_sn,A3,B99,A99,A99,99,99,99,99,99,ken1,0.320V,shmoo_bsmin_vec,ROVA,1024X4M16,BG_LP_sn,A3,B99,A99,A99,99,99,99,99,99,ken1,0.320V
1016,tb_vmin_ckb,auto,ROM,Vmax_vec,ROVA,512X80M16,BG_LP_sn,A3,B99,A99,A99,99,99,99,99,99,1,vddpe_1.2000V_vddce_1.2000V_dvdd_1.200V_100.00ns,(P),shmoo_bsmin_vec,ROVA,512X80M16,BG_LP_sn,A3,B99,A99,A99,99,99,99,99,99,ken1,0.300V,shmoo_bsmin_vec,ROVA,512X80M16,BG_LP_sn,A3,B99,A99,A99,99,99,99,99,99,ken1,0.300V
1013,tb_vmin_ckb,auto,ROM,Vmax_vec,ROVA,16384X4M16,BG_LP_sn,A3,B99,A99,A99,99,99,99,99,99,1,vddpe_1.2000V_vddce_1.2000V_dvdd_1.200V_100.00ns,(P),shmoo_bsmin_vec,ROVA,16384X4M16,BG_LP_sn,A3,B99,A99,A99,99,99,99,99,99,ken1,0.315V,shmoo_bsmin_vec,ROVA,16384X4M16,BG_LP_sn,A3,B99,A99,A99,99,99,99,99,99,ken1,0.315V
1013,tb_vmin_ckb,auto,ROM,Vmax_vec,ROVA,12352X79M16,BG_LP_sn,A3,B99,A99,A99,99,99,99,99,99,1,vddpe_1.2000V_vddce_1.2000V_dvdd_1.200V_100.00ns,(P),shmoo_bsmin_vec,ROVA,12352X79M16,BG_LP_sn,A3,B99,A99,A99,99,99,99,99,99,ken1,0.320V,shmoo_bsmin_vec,ROVA,12352X79M16,BG_LP_sn,A3,B99,A99,A99,99,99,99,99,99,ken1,0.320V
1013,tb_vmin_ckb,auto,ROM,Vmax_vec,ROVA,4096X32M32,BG_LP_sn,A3,B99,A99,A99,99,99,99,99,99,1,vddpe_1.2000V_vddce_1.2000V_dvdd_1.200V_100.00ns,(P),shmoo_bsmin_vec,ROVA,4096X32M32,BG_LP_sn,A3,B99,A99,A99,99,99,99,99,99,ken1,0.310V,shmoo_bsmin_vec,ROVA,4096X32M32,BG_LP_sn,A3,B99,A99,A99,99,99,99,99,99,ken1,0.310V
1013,tb_vmin_ckb,auto,ROM,Vmax_vec,ROVA,8192X32M32,BG_LP_sn,A3,B99,A99,A99,99,99,99,99,99,1,vddpe_1.2000V_vddce_1.2000V_dvdd_1.200V_100.00ns,(P),shmoo_bsmin_vec,ROVA,8192X32M32,BG_LP_sn,A3,B99,A99,A99,99,99,99,99,99,ken1,0.305V,shmoo_bsmin_vec,ROVA,8192X32M32,BG_LP_sn,A3,B99,A99,A99,99,99,99,99,99,ken1,0.305V
1013,tb_vmin_ckb,auto,ROM,Vmax_vec,ROVA,20608X40M32,BG_LP_sn,A3,B99,A99,A99,99,99,99,99,99,1,vddpe_1.2000V_vddce_1.2000V_dvdd_1.200V_100.00ns,(P),shmoo_bsmin_vec,ROVA,20608X40M32,BG_LP_sn,A3,B99,A99,A99,99,99,99,99,99,ken1,0.330V,shmoo_bsmin_vec,ROVA,20608X40M32,BG_LP_sn,A3,B99,A99,A99,99,99,99,99,99,ken1,0.330V
1013,tb_vmin_ckb,auto,ROM,Vmax_vec,ROVA,32768X40M32,BG_LP_sn,A3,B99,A99,A99,99,99,99,99,99,1,vddpe_1.2000V_vddce_1.2000V_dvdd_1.200V_100.00ns,(P),shmoo_bsmin_vec,ROVA,32768X40M32,BG_LP_sn,A3,B99,A99,A99,99,99,99,99,99,ken1,0.315V,shmoo_bsmin_vec,ROVA,32768X40M32,BG_LP_sn,A3,B99,A99,A99,99,99,99,99,99,ken1,0.315V
1013,tb_vmin_ckb,auto,ROM,Vmax_vec,ROVA,2048X20M64,BG_LP_sn,A3,B99,A99,A99,99,99,99,99,99,1,vddpe_1.2000V_vddce_1.2000V_dvdd_1.200V_100.00ns,(P),shmoo_bsmin_vec,ROVA,2048X20M64,BG_LP_sn,A3,B99,A99,A99,99,99,99,99,99,ken1,0.305V,shmoo_bsmin_vec,ROVA,2048X20M64,BG_LP_sn,A3,B99,A99,A99,99,99,99,99,99,ken1,0.305V
1013,tb_vmin_ckb,auto,ROM,Vmax_vec,ROVA,65536X4M64,BG_LP_sn,A3,B99,A99,A99,99,99,99,99,99,1,vddpe_1.2000V_vddce_1.2000V_dvdd_1.200V_100.00ns,(P),shmoo_bsmin_vec,ROVA,65536X4M64,BG_LP_sn,A3,B99,A99,A99,99,99,99,99,99,ken1,0.320V,shmoo_bsmin_vec,ROVA,65536X4M64,BG_LP_sn,A3,B99,A99,A99,99,99,99,99,99,ken1,0.320V
1013,tb_vmin_ckb,auto,ROM,Vmax_vec,ROVA,1024X72M8,BGS_LP_sn,A3,B99,A99,A99,99,99,99,99,99,1,vddpe_1.2000V_vddce_1.2000V_dvdd_1.200V_100.00ns,(P),shmoo_bsmin_vec,ROVA,1024X72M8,BGS_LP_sn,A3,B99,A99,A99,99,99,99,99,99,ken1,0.310V,shmoo_bsmin_vec,ROVA,1024X72M8,BGS_LP_sn,A3,B99,A99,A99,99,99,99,99,99,ken1,0.310V
1016,tb_vmin_ckb,auto,ROM,Vmax_vec,ROVA,2048X72M8,BGS_LP_sn,A3,B99,A99,A99,99,99,99,99,99,1,vddpe_1.2000V_vddce_1.2000V_dvdd_1.200V_100.00ns,(P),shmoo_bsmin_vec,ROVA,2048X72M8,BGS_LP_sn,A3,B99,A99,A99,99,99,99,99,99,ken1,0.310V,shmoo_bsmin_vec,ROVA,2048X72M8,BGS_LP_sn,A3,B99,A99,A99,99,99,99,99,99,ken1,0.310V
1013,tb_vmin_ckb,auto,ROM,Vmax_vec,ROVA,608X116M8,BGS_LP_sn,A3,B99,A99,A99,99,99,99,99,99,1,vddpe_1.2000V_vddce_1.2000V_dvdd_1.200V_100.00ns,(P),shmoo_bsmin_vec,ROVA,608X116M8,BGS_LP_sn,A3,B99,A99,A99,99,99,99,99,99,ken1,0.310V,shmoo_bsmin_vec,ROVA,608X116M8,BGS_LP_sn,A3,B99,A99,A99,99,99,99,99,99,ken1,0.310V
1013,tb_vmin_ckb,auto,ROM,Vmax_vec,ROVA,4096X72M8,BGS_LP_sn,A3,B99,A99,A99,99,99,99,99,99,1,vddpe_1.2000V_vddce_1.2000V_dvdd_1.200V_100.00ns,(P),shmoo_bsmin_vec,ROVA,4096X72M8,BGS_LP_sn,A3,B99,A99,A99,99,99,99,99,99,ken1,0.320V,shmoo_bsmin_vec,ROVA,4096X72M8,BGS_LP_sn,A3,B99,A99,A99,99,99,99,99,99,ken1,0.320V
1013,tb_vmin_ckb,auto,ROM,Vmax_vec,ROVA,8192X72M16,BGS_LP_sn,A3,B99,A99,A99,99,99,99,99,99,1,vddpe_1.2000V_vddce_1.2000V_dvdd_1.200V_100.00ns,(P),shmoo_bsmin_vec,ROVA,8192X72M16,BGS_LP_sn,A3,B99,A99,A99,99,99,99,99,99,ken1,0.315V,shmoo_bsmin_vec,ROVA,8192X72M16,BGS_LP_sn,A3,B99,A99,A99,99,99,99,99,99,ken1,0.315V
1013,tb_vmin_ckb,auto,ROM,Vmax_vec,ROVA,16384X72M16,BGS_LP_sn,A3,B99,A99,A99,99,99,99,99,99,1,vddpe_1.2000V_vddce_1.2000V_dvdd_1.200V_100.00ns,(P),shmoo_bsmin_vec,ROVA,16384X72M16,BGS_LP_sn,A3,B99,A99,A99,99,99,99,99,99,ken1,0.325V,shmoo_bsmin_vec,ROVA,16384X72M16,BGS_LP_sn,A3,B99,A99,A99,99,99,99,99,99,ken1,0.325V
1013,tb_vmin_ckb,auto,ROM,Vmax_vec,ROVA,32768X40M32,BGS_LP_sn,A7,B99,A99,A99,99,99,99,99,99,1,vddpe_1.2000V_vddce_1.2000V_dvdd_1.200V_100.00ns,(P),shmoo_bsmin_vec,ROVA,32768X40M32,BGS_LP_sn,A7,B99,A99,A99,99,99,99,99,99,ken1,0.375V,shmoo_bsmin_vec,ROVA,32768X40M32,BGS_LP_sn,A7,B99,A99,A99,99,99,99,99,99,ken1,0.375V
1016,tb_vmin_ckb,auto,ROM,Vmax_vec,ROVA,2048X9M64,BGS_LP_sn,A7,B99,A99,A99,99,99,99,99,99,1,vddpe_1.2000V_vddce_1.2000V_dvdd_1.200V_100.00ns,(P),shmoo_bsmin_vec,ROVA,2048X9M64,BGS_LP_sn,A7,B99,A99,A99,99,99,99,99,99,ken1,0.350V,shmoo_bsmin_vec,ROVA,2048X9M64,BGS_LP_sn,A7,B99,A99,A99,99,99,99,99,99,ken1,0.350V
1013,tb_vmin_ckb,auto,ROM,Vmax_vec,ROVA,256X4M8,BG_LP_sn,A7,B99,A99,A99,99,99,99,99,99,1,vddpe_1.2000V_vddce_1.2000V_dvdd_1.200V_100.00ns,(P),shmoo_bsmin_vec,ROVA,256X4M8,BG_LP_sn,A7,B99,A99,A99,99,99,99,99,99,ken1,0.355V,shmoo_bsmin_vec,ROVA,256X4M8,BG_LP_sn,A7,B99,A99,A99,99,99,99,99,99,ken1,0.355V
1013,tb_vmin_ckb,auto,ROM,Vmax_vec,ROVA,256X160M8,BG_LP_sn,A7,B99,A99,A99,99,99,99,99,99,1,vddpe_1.2000V_vddce_1.2000V_dvdd_1.200V_100.00ns,(P),shmoo_bsmin_vec,ROVA,256X160M8,BG_LP_sn,A7,B99,A99,A99,99,99,99,99,99,ken1,0.355V,shmoo_bsmin_vec,ROVA,256X160M8,BG_LP_sn,A7,B99,A99,A99,99,99,99,99,99,ken1,0.355V
1013,tb_vmin_ckb,auto,ROM,Vmax_vec,ROVA,8192X160M8,BG_LP_sn,A7,B99,A99,A99,99,99,99,99,99,1,vddpe_1.2000V_vddce_1.2000V_dvdd_1.200V_100.00ns,(P),shmoo_bsmin_vec,ROVA,8192X160M8,BG_LP_sn,A7,B99,A99,A99,99,99,99,99,99,ken1,0.385V,shmoo_bsmin_vec,ROVA,8192X160M8,BG_LP_sn,A7,B99,A99,A99,99,99,99,99,99,ken1,0.385V
1013,tb_vmin_ckb,auto,ROM,Vmax_vec,ROVA,1024X4M16,BG_LP_sn,A7,B99,A99,A99,99,99,99,99,99,1,vddpe_1.2000V_vddce_1.2000V_dvdd_1.200V_100.00ns,(P),shmoo_bsmin_vec,ROVA,1024X4M16,BG_LP_sn,A7,B99,A99,A99,99,99,99,99,99,ken1,0.365V,shmoo_bsmin_vec,ROVA,1024X4M16,BG_LP_sn,A7,B99,A99,A99,99,99,99,99,99,ken1,0.365V
1013,tb_vmin_ckb,auto,ROM,Vmax_vec,ROVA,512X80M16,BG_LP_sn,A7,B99,A99,A99,99,99,99,99,99,1,vddpe_1.2000V_vddce_1.2000V_dvdd_1.200V_100.00ns,(P),shmoo_bsmin_vec,ROVA,512X80M16,BG_LP_sn,A7,B99,A99,A99,99,99,99,99,99,ken1,0.355V,shmoo_bsmin_vec,ROVA,512X80M16,BG_LP_sn,A7,B99,A99,A99,99,99,99,99,99,ken1,0.355V
1013,tb_vmin_ckb,auto,ROM,Vmax_vec,ROVA,16384X4M16,BG_LP_sn,A7,B99,A99,A99,99,99,99,99,99,1,vddpe_1.2000V_vddce_1.2000V_dvdd_1.200V_100.00ns,(P),shmoo_bsmin_vec,ROVA,16384X4M16,BG_LP_sn,A7,B99,A99,A99,99,99,99,99,99,ken1,0.370V,shmoo_bsmin_vec,ROVA,16384X4M16,BG_LP_sn,A7,B99,A99,A99,99,99,99,99,99,ken1,0.370V
1013,tb_vmin_ckb,auto,ROM,Vmax_vec,ROVA,12352X79M16,BG_LP_sn,A7,B99,A99,A99,99,99,99,99,99,1,vddpe_1.2000V_vddce_1.2000V_dvdd_1.200V_100.00ns,(P),shmoo_bsmin_vec,ROVA,12352X79M16,BG_LP_sn,A7,B99,A99,A99,99,99,99,99,99,ken1,0.380V,shmoo_bsmin_vec,ROVA,12352X79M16,BG_LP_sn,A7,B99,A99,A99,99,99,99,99,99,ken1,0.380V
1013,tb_vmin_ckb,auto,ROM,Vmax_vec,ROVA,4096X32M32,BG_LP_sn,A7,B99,A99,A99,99,99,99,99,99,1,vddpe_1.2000V_vddce_1.2000V_dvdd_1.200V_100.00ns,(P),shmoo_bsmin_vec,ROVA,4096X32M32,BG_LP_sn,A7,B99,A99,A99,99,99,99,99,99,ken1,0.370V,shmoo_bsmin_vec,ROVA,4096X32M32,BG_LP_sn,A7,B99,A99,A99,99,99,99,99,99,ken1,0.370V
1013,tb_vmin_ckb,auto,ROM,Vmax_vec,ROVA,8192X32M32,BG_LP_sn,A7,B99,A99,A99,99,99,99,99,99,1,vddpe_1.2000V_vddce_1.2000V_dvdd_1.200V_100.00ns,(P),shmoo_bsmin_vec,ROVA,8192X32M32,BG_LP_sn,A7,B99,A99,A99,99,99,99,99,99,ken1,0.365V,shmoo_bsmin_vec,ROVA,8192X32M32,BG_LP_sn,A7,B99,A99,A99,99,99,99,99,99,ken1,0.365V
1013,tb_vmin_ckb,auto,ROM,Vmax_vec,ROVA,20608X40M32,BG_LP_sn,A7,B99,A99,A99,99,99,99,99,99,1,vddpe_1.2000V_vddce_1.2000V_dvdd_1.200V_100.00ns,(P),shmoo_bsmin_vec,ROVA,20608X40M32,BG_LP_sn,A7,B99,A99,A99,99,99,99,99,99,ken1,0.380V,shmoo_bsmin_vec,ROVA,20608X40M32,BG_LP_sn,A7,B99,A99,A99,99,99,99,99,99,ken1,0.380V
1013,tb_vmin_ckb,auto,ROM,Vmax_vec,ROVA,32768X40M32,BG_LP_sn,A7,B99,A99,A99,99,99,99,99,99,1,vddpe_1.2000V_vddce_1.2000V_dvdd_1.200V_100.00ns,(P),shmoo_bsmin_vec,ROVA,32768X40M32,BG_LP_sn,A7,B99,A99,A99,99,99,99,99,99,ken1,0.375V,shmoo_bsmin_vec,ROVA,32768X40M32,BG_LP_sn,A7,B99,A99,A99,99,99,99,99,99,ken1,0.375V
1013,tb_vmin_ckb,auto,ROM,Vmax_vec,ROVA,2048X20M64,BG_LP_sn,A7,B99,A99,A99,99,99,99,99,99,1,vddpe_1.2000V_vddce_1.2000V_dvdd_1.200V_100.00ns,(P),shmoo_bsmin_vec,ROVA,2048X20M64,BG_LP_sn,A7,B99,A99,A99,99,99,99,99,99,ken1,0.355V,shmoo_bsmin_vec,ROVA,2048X20M64,BG_LP_sn,A7,B99,A99,A99,99,99,99,99,99,ken1,0.355V
1013,tb_vmin_ckb,auto,ROM,Vmax_vec,ROVA,65536X4M64,BG_LP_sn,A7,B99,A99,A99,99,99,99,99,99,1,vddpe_1.2000V_vddce_1.2000V_dvdd_1.200V_100.00ns,(P),shmoo_bsmin_vec,ROVA,65536X4M64,BG_LP_sn,A7,B99,A99,A99,99,99,99,99,99,ken1,0.375V,shmoo_bsmin_vec,ROVA,65536X4M64,BG_LP_sn,A7,B99,A99,A99,99,99,99,99,99,ken1,0.375V
1013,tb_vmin_ckb,auto,ROM,Vmax_vec,ROVA,1024X72M8,BGS_LP_sn,A7,B99,A99,A99,99,99,99,99,99,1,vddpe_1.2000V_vddce_1.2000V_dvdd_1.200V_100.00ns,(P),shmoo_bsmin_vec,ROVA,1024X72M8,BGS_LP_sn,A7,B99,A99,A99,99,99,99,99,99,ken1,0.370V,shmoo_bsmin_vec,ROVA,1024X72M8,BGS_LP_sn,A7,B99,A99,A99,99,99,99,99,99,ken1,0.370V
1014,tb_vmin_ckb,auto,ROM,Vmax_vec,ROVA,2048X72M8,BGS_LP_sn,A7,B99,A99,A99,99,99,99,99,99,1,vddpe_1.2000V_vddce_1.2000V_dvdd_1.200V_100.00ns,(P),shmoo_bsmin_vec,ROVA,2048X72M8,BGS_LP_sn,A7,B99,A99,A99,99,99,99,99,99,ken1,0.375V,shmoo_bsmin_vec,ROVA,2048X72M8,BGS_LP_sn,A7,B99,A99,A99,99,99,99,99,99,ken1,0.375V
1013,tb_vmin_ckb,auto,ROM,Vmax_vec,ROVA,608X116M8,BGS_LP_sn,A7,B99,A99,A99,99,99,99,99,99,1,vddpe_1.2000V_vddce_1.2000V_dvdd_1.200V_100.00ns,(P),shmoo_bsmin_vec,ROVA,608X116M8,BGS_LP_sn,A7,B99,A99,A99,99,99,99,99,99,ken1,0.360V,shmoo_bsmin_vec,ROVA,608X116M8,BGS_LP_sn,A7,B99,A99,A99,99,99,99,99,99,ken1,0.360V
1013,tb_vmin_ckb,auto,ROM,Vmax_vec,ROVA,4096X72M8,BGS_LP_sn,A7,B99,A99,A99,99,99,99,99,99,1,vddpe_1.2000V_vddce_1.2000V_dvdd_1.200V_100.00ns,(P),shmoo_bsmin_vec,ROVA,4096X72M8,BGS_LP_sn,A7,B99,A99,A99,99,99,99,99,99,ken1,0.380V,shmoo_bsmin_vec,ROVA,4096X72M8,BGS_LP_sn,A7,B99,A99,A99,99,99,99,99,99,ken1,0.380V
1014,tb_vmin_ckb,auto,ROM,Vmax_vec,ROVA,8192X72M16,BGS_LP_sn,A7,B99,A99,A99,99,99,99,99,99,1,vddpe_1.2000V_vddce_1.2000V_dvdd_1.200V_100.00ns,(P),shmoo_bsmin_vec,ROVA,8192X72M16,BGS_LP_sn,A7,B99,A99,A99,99,99,99,99,99,ken1,0.385V,shmoo_bsmin_vec,ROVA,8192X72M16,BGS_LP_sn,A7,B99,A99,A99,99,99,99,99,99,ken1,0.385V
1013,tb_vmin_ckb,auto,ROM,Vmax_vec,ROVA,16384X72M16,BGS_LP_sn,A7,B99,A99,A99,99,99,99,99,99,1,vddpe_1.2000V_vddce_1.2000V_dvdd_1.200V_100.00ns,(P),shmoo_bsmin_vec,ROVA,16384X72M16,BGS_LP_sn,A7,B99,A99,A99,99,99,99,99,99,ken1,0.380V,shmoo_bsmin_vec,ROVA,16384X72M16,BGS_LP_sn,A7,B99,A99,A99,99,99,99,99,99,ken1,0.380V
3000,tb_vmin_ckb,auto,RF2,Vmax_vec,RF2AHS,512X6M2F8,HS_m22n,A2,B2,A99,A0,99,99,99,99,99,99,vddpe_1.2000V_vddce_1.2000V_dvdd_1.200V_100.00ns,(P),shmoo_bsmin_vec,RF2AHS,512X6M2F8,HS_m22n,A2,B2,A99,A0,99,99,99,99,99,ken99,0.395V,shmoo_bsmin_vec,RF2AHS,512X6M2F8,HS_m22n,A2,B2,A99,A0,99,99,99,99,99,ken99,0.395V
1013,tb_vmin_ckb,auto,RF2,Vmax_vec,RF2AHS,1024X80M2F8,B_HS_m22n,A2,B2,A99,A0,99,99,99,99,99,99,vddpe_1.2000V_vddce_1.2000V_dvdd_1.200V_100.00ns,(P),shmoo_bsmin_vec,RF2AHS,1024X80M2F8,B_HS_m22n,A2,B2,A99,A0,99,99,99,99,99,ken99,0.425V,shmoo_bsmin_vec,RF2AHS,1024X80M2F8,B_HS_m22n,A2,B2,A99,A0,99,99,99,99,99,ken99,0.425V
1013,tb_vmin_ckb,auto,RF2,Vmax_vec,RF2AHS,256X80M2F4,BGRW_HS_m22n,A2,B2,A99,A0,99,99,99,99,99,99,vddpe_1.2000V_vddce_1.2000V_dvdd_1.200V_100.00ns,(P),shmoo_bsmin_vec,RF2AHS,256X80M2F4,BGRW_HS_m22n,A2,B2,A99,A0,99,99,99,99,99,ken99,0.400V,shmoo_bsmin_vec,RF2AHS,256X80M2F4,BGRW_HS_m22n,A2,B2,A99,A0,99,99,99,99,99,ken99,0.400V
1016,tb_vmin_ckb,auto,RF2,Vmax_vec,RF2AHS,512X40M4F4,BGW_HS_m22n,A2,B2,A99,A0,99,99,99,99,99,99,vddpe_1.2000V_vddce_1.2000V_dvdd_1.200V_100.00ns,(P),shmoo_bsmin_vec,RF2AHS,512X40M4F4,BGW_HS_m22n,A2,B2,A99,A0,99,99,99,99,99,ken99,0.410V,shmoo_bsmin_vec,RF2AHS,512X40M4F4,BGW_HS_m22n,A2,B2,A99,A0,99,99,99,99,99,ken99,0.410V
1015,tb_vmin_ckb,auto,RF2,Vmax_vec,RF2AHS,2048X4M4F8,BW_HS_m22n,A2,B2,A99,A0,99,99,99,99,99,99,vddpe_1.2000V_vddce_1.2000V_dvdd_1.200V_100.00ns,(P),shmoo_bsmin_vec,RF2AHS,2048X4M4F8,BW_HS_m22n,A2,B2,A99,A0,99,99,99,99,99,ken99,0.445V,shmoo_bsmin_vec,RF2AHS,2048X4M4F8,BW_HS_m22n,A2,B2,A99,A0,99,99,99,99,99,ken99,0.445V
1013,tb_vmin_ckb,auto,RF2,Vmax_vec,RF2AHS,2048X4M8F8,HS_m22n,A2,B2,A99,A0,99,99,99,99,99,99,vddpe_1.2000V_vddce_1.2000V_dvdd_1.200V_100.00ns,(P),shmoo_bsmin_vec,RF2AHS,2048X4M8F8,HS_m22n,A2,B2,A99,A0,99,99,99,99,99,ken99,0.455V,shmoo_bsmin_vec,RF2AHS,2048X4M8F8,HS_m22n,A2,B2,A99,A0,99,99,99,99,99,ken99,0.455V
1013,tb_vmin_ckb,auto,RF2,Vmax_vec,RF2AHS,128X20M8F2,BGRW_HS_m22n,A2,B2,A99,A0,99,99,99,99,99,99,vddpe_1.2000V_vddce_1.2000V_dvdd_1.200V_100.00ns,(P),shmoo_bsmin_vec,RF2AHS,128X20M8F2,BGRW_HS_m22n,A2,B2,A99,A0,99,99,99,99,99,ken99,0.425V,shmoo_bsmin_vec,RF2AHS,128X20M8F2,BGRW_HS_m22n,A2,B2,A99,A0,99,99,99,99,99,ken99,0.425V
1013,tb_vmin_ckb,auto,RF2,Vmax_vec,RF2AHS,4096X20M8F8,BGW_HS_m22n,A2,B2,A99,A0,99,99,99,99,99,99,vddpe_1.2000V_vddce_1.2000V_dvdd_1.200V_100.00ns,(P),shmoo_bsmin_vec,RF2AHS,4096X20M8F8,BGW_HS_m22n,A2,B2,A99,A0,99,99,99,99,99,ken99,0.445V,shmoo_bsmin_vec,RF2AHS,4096X20M8F8,BGW_HS_m22n,A2,B2,A99,A0,99,99,99,99,99,ken99,0.445V
1013,tb_vmin_ckb,auto,RF2,Vmax_vec,RF2AHS,512X6M2F8,LP_m22n,A2,B2,A99,A0,99,99,99,99,99,99,vddpe_1.2000V_vddce_1.2000V_dvdd_1.200V_100.00ns,(P),shmoo_bsmin_vec,RF2AHS,512X6M2F8,LP_m22n,A2,B2,A99,A0,99,99,99,99,99,ken99,0.400V,shmoo_bsmin_vec,RF2AHS,512X6M2F8,LP_m22n,A2,B2,A99,A0,99,99,99,99,99,ken99,0.400V
1013,tb_vmin_ckb,auto,RF2,Vmax_vec,RF2AHS,1024X80M2F8,B_LP_m22n,A2,B2,A99,A0,99,99,99,99,99,99,vddpe_1.2000V_vddce_1.2000V_dvdd_1.200V_100.00ns,(P),shmoo_bsmin_vec,RF2AHS,1024X80M2F8,B_LP_m22n,A2,B2,A99,A0,99,99,99,99,99,ken99,0.420V,shmoo_bsmin_vec,RF2AHS,1024X80M2F8,B_LP_m22n,A2,B2,A99,A0,99,99,99,99,99,ken99,0.420V
1013,tb_vmin_ckb,auto,RF2,Vmax_vec,RF2AHS,256X80M2F4,BGRW_LP_m22n,A2,B2,A99,A0,99,99,99,99,99,99,vddpe_1.2000V_vddce_1.2000V_dvdd_1.200V_100.00ns,(P),shmoo_bsmin_vec,RF2AHS,256X80M2F4,BGRW_LP_m22n,A2,B2,A99,A0,99,99,99,99,99,ken99,0.400V,shmoo_bsmin_vec,RF2AHS,256X80M2F4,BGRW_LP_m22n,A2,B2,A99,A0,99,99,99,99,99,ken99,0.400V
1013,tb_vmin_ckb,auto,RF2,Vmax_vec,RF2AHS,512X40M4F4,BGW_LP_m22n,A2,B2,A99,A0,99,99,99,99,99,99,vddpe_1.2000V_vddce_1.2000V_dvdd_1.200V_100.00ns,(P),shmoo_bsmin_vec,RF2AHS,512X40M4F4,BGW_LP_m22n,A2,B2,A99,A0,99,99,99,99,99,ken99,0.410V,shmoo_bsmin_vec,RF2AHS,512X40M4F4,BGW_LP_m22n,A2,B2,A99,A0,99,99,99,99,99,ken99,0.410V
1016,tb_vmin_ckb,auto,RF2,Vmax_vec,RF2AHS,2048X4M4F8,BW_LP_m22n,A2,B2,A99,A0,99,99,99,99,99,99,vddpe_1.2000V_vddce_1.2000V_dvdd_1.200V_100.00ns,(P),shmoo_bsmin_vec,RF2AHS,2048X4M4F8,BW_LP_m22n,A2,B2,A99,A0,99,99,99,99,99,ken99,0.420V,shmoo_bsmin_vec,RF2AHS,2048X4M4F8,BW_LP_m22n,A2,B2,A99,A0,99,99,99,99,99,ken99,0.420V
1013,tb_vmin_ckb,auto,RF2,Vmax_vec,RF2AHS,2048X4M8F8,LP_m22n,A2,B2,A99,A0,99,99,99,99,99,99,vddpe_1.2000V_vddce_1.2000V_dvdd_1.200V_100.00ns,(P),shmoo_bsmin_vec,RF2AHS,2048X4M8F8,LP_m22n,A2,B2,A99,A0,99,99,99,99,99,ken99,0.415V,shmoo_bsmin_vec,RF2AHS,2048X4M8F8,LP_m22n,A2,B2,A99,A0,99,99,99,99,99,ken99,0.415V
1014,tb_vmin_ckb,auto,RF2,Vmax_vec,RF2AHS,128X20M8F2,BGRW_LP_m22n,A2,B2,A99,A0,99,99,99,99,99,99,vddpe_1.2000V_vddce_1.2000V_dvdd_1.200V_100.00ns,(P),shmoo_bsmin_vec,RF2AHS,128X20M8F2,BGRW_LP_m22n,A2,B2,A99,A0,99,99,99,99,99,ken99,0.390V,shmoo_bsmin_vec,RF2AHS,128X20M8F2,BGRW_LP_m22n,A2,B2,A99,A0,99,99,99,99,99,ken99,0.390V
1014,tb_vmin_ckb,auto,RF2,Vmax_vec,RF2AHS,4096X20M8F8,BGW_LP_m22n,A2,B2,A99,A0,99,99,99,99,99,99,vddpe_1.2000V_vddce_1.2000V_dvdd_1.200V_100.00ns,(P),shmoo_bsmin_vec,RF2AHS,4096X20M8F8,BGW_LP_m22n,A2,B2,A99,A0,99,99,99,99,99,ken99,0.420V,shmoo_bsmin_vec,RF2AHS,4096X20M8F8,BGW_LP_m22n,A2,B2,A99,A0,99,99,99,99,99,ken99,0.420V
1013,tb_vmin_ckb,auto,RF2,Vmax_vec,RF2AHS,512X6M2F8,HS_m22n,A3,B3,A99,A0,99,99,99,99,99,99,vddpe_1.2000V_vddce_1.2000V_dvdd_1.200V_100.00ns,(P),shmoo_bsmin_vec,RF2AHS,512X6M2F8,HS_m22n,A3,B3,A99,A0,99,99,99,99,99,ken99,0.395V,shmoo_bsmin_vec,RF2AHS,512X6M2F8,HS_m22n,A3,B3,A99,A0,99,99,99,99,99,ken99,0.395V
1013,tb_vmin_ckb,auto,RF2,Vmax_vec,RF2AHS,1024X80M2F8,B_HS_m22n,A3,B3,A99,A0,99,99,99,99,99,99,vddpe_1.2000V_vddce_1.2000V_dvdd_1.200V_100.00ns,(P),shmoo_bsmin_vec,RF2AHS,1024X80M2F8,B_HS_m22n,A3,B3,A99,A0,99,99,99,99,99,ken99,0.425V,shmoo_bsmin_vec,RF2AHS,1024X80M2F8,B_HS_m22n,A3,B3,A99,A0,99,99,99,99,99,ken99,0.425V
1013,tb_vmin_ckb,auto,RF2,Vmax_vec,RF2AHS,256X80M2F4,BGRW_HS_m22n,A3,B3,A99,A0,99,99,99,99,99,99,vddpe_1.2000V_vddce_1.2000V_dvdd_1.200V_100.00ns,(P),shmoo_bsmin_vec,RF2AHS,256X80M2F4,BGRW_HS_m22n,A3,B3,A99,A0,99,99,99,99,99,ken99,0.395V,shmoo_bsmin_vec,RF2AHS,256X80M2F4,BGRW_HS_m22n,A3,B3,A99,A0,99,99,99,99,99,ken99,0.395V
1013,tb_vmin_ckb,auto,RF2,Vmax_vec,RF2AHS,512X40M4F4,BGW_HS_m22n,A3,B3,A99,A0,99,99,99,99,99,99,vddpe_1.2000V_vddce_1.2000V_dvdd_1.200V_100.00ns,(P),shmoo_bsmin_vec,RF2AHS,512X40M4F4,BGW_HS_m22n,A3,B3,A99,A0,99,99,99,99,99,ken99,0.410V,shmoo_bsmin_vec,RF2AHS,512X40M4F4,BGW_HS_m22n,A3,B3,A99,A0,99,99,99,99,99,ken99,0.410V
1016,tb_vmin_ckb,auto,RF2,Vmax_vec,RF2AHS,2048X4M4F8,BW_HS_m22n,A3,B3,A99,A0,99,99,99,99,99,99,vddpe_1.2000V_vddce_1.2000V_dvdd_1.200V_100.00ns,(P),shmoo_bsmin_vec,RF2AHS,2048X4M4F8,BW_HS_m22n,A3,B3,A99,A0,99,99,99,99,99,ken99,0.435V,shmoo_bsmin_vec,RF2AHS,2048X4M4F8,BW_HS_m22n,A3,B3,A99,A0,99,99,99,99,99,ken99,0.435V
1015,tb_vmin_ckb,auto,RF2,Vmax_vec,RF2AHS,2048X4M8F8,HS_m22n,A3,B3,A99,A0,99,99,99,99,99,99,vddpe_1.2000V_vddce_1.2000V_dvdd_1.200V_100.00ns,(P),shmoo_bsmin_vec,RF2AHS,2048X4M8F8,HS_m22n,A3,B3,A99,A0,99,99,99,99,99,ken99,0.450V,shmoo_bsmin_vec,RF2AHS,2048X4M8F8,HS_m22n,A3,B3,A99,A0,99,99,99,99,99,ken99,0.450V
1015,tb_vmin_ckb,auto,RF2,Vmax_vec,RF2AHS,128X20M8F2,BGRW_HS_m22n,A3,B3,A99,A0,99,99,99,99,99,99,vddpe_1.2000V_vddce_1.2000V_dvdd_1.200V_100.00ns,(P),shmoo_bsmin_vec,RF2AHS,128X20M8F2,BGRW_HS_m22n,A3,B3,A99,A0,99,99,99,99,99,ken99,0.420V,shmoo_bsmin_vec,RF2AHS,128X20M8F2,BGRW_HS_m22n,A3,B3,A99,A0,99,99,99,99,99,ken99,0.420V
1014,tb_vmin_ckb,auto,RF2,Vmax_vec,RF2AHS,4096X20M8F8,BGW_HS_m22n,A3,B3,A99,A0,99,99,99,99,99,99,vddpe_1.2000V_vddce_1.2000V_dvdd_1.200V_100.00ns,(P),shmoo_bsmin_vec,RF2AHS,4096X20M8F8,BGW_HS_m22n,A3,B3,A99,A0,99,99,99,99,99,ken99,0.445V,shmoo_bsmin_vec,RF2AHS,4096X20M8F8,BGW_HS_m22n,A3,B3,A99,A0,99,99,99,99,99,ken99,0.445V
1013,tb_vmin_ckb,auto,RF2,Vmax_vec,RF2AHS,512X6M2F8,LP_m22n,A3,B3,A99,A0,99,99,99,99,99,99,vddpe_1.2000V_vddce_1.2000V_dvdd_1.200V_100.00ns,(P),shmoo_bsmin_vec,RF2AHS,512X6M2F8,LP_m22n,A3,B3,A99,A0,99,99,99,99,99,ken99,0.400V,shmoo_bsmin_vec,RF2AHS,512X6M2F8,LP_m22n,A3,B3,A99,A0,99,99,99,99,99,ken99,0.400V
1013,tb_vmin_ckb,auto,RF2,Vmax_vec,RF2AHS,1024X80M2F8,B_LP_m22n,A3,B3,A99,A0,99,99,99,99,99,99,vddpe_1.2000V_vddce_1.2000V_dvdd_1.200V_100.00ns,(P),shmoo_bsmin_vec,RF2AHS,1024X80M2F8,B_LP_m22n,A3,B3,A99,A0,99,99,99,99,99,ken99,0.415V,shmoo_bsmin_vec,RF2AHS,1024X80M2F8,B_LP_m22n,A3,B3,A99,A0,99,99,99,99,99,ken99,0.415V
1015,tb_vmin_ckb,auto,RF2,Vmax_vec,RF2AHS,256X80M2F4,BGRW_LP_m22n,A3,B3,A99,A0,99,99,99,99,99,99,vddpe_1.2000V_vddce_1.2000V_dvdd_1.200V_100.00ns,(P),shmoo_bsmin_vec,RF2AHS,256X80M2F4,BGRW_LP_m22n,A3,B3,A99,A0,99,99,99,99,99,ken99,0.400V,shmoo_bsmin_vec,RF2AHS,256X80M2F4,BGRW_LP_m22n,A3,B3,A99,A0,99,99,99,99,99,ken99,0.400V
1014,tb_vmin_ckb,auto,RF2,Vmax_vec,RF2AHS,512X40M4F4,BGW_LP_m22n,A3,B3,A99,A0,99,99,99,99,99,99,vddpe_1.2000V_vddce_1.2000V_dvdd_1.200V_100.00ns,(P),shmoo_bsmin_vec,RF2AHS,512X40M4F4,BGW_LP_m22n,A3,B3,A99,A0,99,99,99,99,99,ken99,0.415V,shmoo_bsmin_vec,RF2AHS,512X40M4F4,BGW_LP_m22n,A3,B3,A99,A0,99,99,99,99,99,ken99,0.415V
1014,tb_vmin_ckb,auto,RF2,Vmax_vec,RF2AHS,2048X4M4F8,BW_LP_m22n,A3,B3,A99,A0,99,99,99,99,99,99,vddpe_1.2000V_vddce_1.2000V_dvdd_1.200V_100.00ns,(P),shmoo_bsmin_vec,RF2AHS,2048X4M4F8,BW_LP_m22n,A3,B3,A99,A0,99,99,99,99,99,ken99,0.420V,shmoo_bsmin_vec,RF2AHS,2048X4M4F8,BW_LP_m22n,A3,B3,A99,A0,99,99,99,99,99,ken99,0.420V
1016,tb_vmin_ckb,auto,RF2,Vmax_vec,RF2AHS,2048X4M8F8,LP_m22n,A3,B3,A99,A0,99,99,99,99,99,99,vddpe_1.2000V_vddce_1.2000V_dvdd_1.200V_100.00ns,(P),shmoo_bsmin_vec,RF2AHS,2048X4M8F8,LP_m22n,A3,B3,A99,A0,99,99,99,99,99,ken99,0.410V,shmoo_bsmin_vec,RF2AHS,2048X4M8F8,LP_m22n,A3,B3,A99,A0,99,99,99,99,99,ken99,0.410V
1013,tb_vmin_ckb,auto,RF2,Vmax_vec,RF2AHS,128X20M8F2,BGRW_LP_m22n,A3,B3,A99,A0,99,99,99,99,99,99,vddpe_1.2000V_vddce_1.2000V_dvdd_1.200V_100.00ns,(P),shmoo_bsmin_vec,RF2AHS,128X20M8F2,BGRW_LP_m22n,A3,B3,A99,A0,99,99,99,99,99,ken99,0.395V,shmoo_bsmin_vec,RF2AHS,128X20M8F2,BGRW_LP_m22n,A3,B3,A99,A0,99,99,99,99,99,ken99,0.395V
1014,tb_vmin_ckb,auto,RF2,Vmax_vec,RF2AHS,4096X20M8F8,BGW_LP_m22n,A3,B3,A99,A0,99,99,99,99,99,99,vddpe_1.2000V_vddce_1.2000V_dvdd_1.200V_100.00ns,(P),shmoo_bsmin_vec,RF2AHS,4096X20M8F8,BGW_LP_m22n,A3,B3,A99,A0,99,99,99,99,99,ken99,0.420V,shmoo_bsmin_vec,RF2AHS,4096X20M8F8,BGW_LP_m22n,A3,B3,A99,A0,99,99,99,99,99,ken99,0.420V
1013,tb_vmin_ckb,auto,RF2,Vmax_vec,RF2AHS,512X6M2F8,HS_m22n,A7,B7,A99,A0,99,99,99,99,99,99,vddpe_1.2000V_vddce_1.2000V_dvdd_1.200V_100.00ns,(P),shmoo_bsmin_vec,RF2AHS,512X6M2F8,HS_m22n,A7,B7,A99,A0,99,99,99,99,99,ken99,0.390V,shmoo_bsmin_vec,RF2AHS,512X6M2F8,HS_m22n,A7,B7,A99,A0,99,99,99,99,99,ken99,0.390V
1013,tb_vmin_ckb,auto,RF2,Vmax_vec,RF2AHS,1024X80M2F8,B_HS_m22n,A7,B7,A99,A0,99,99,99,99,99,99,vddpe_1.2000V_vddce_1.2000V_dvdd_1.200V_100.00ns,(P),shmoo_bsmin_vec,RF2AHS,1024X80M2F8,B_HS_m22n,A7,B7,A99,A0,99,99,99,99,99,ken99,0.420V,shmoo_bsmin_vec,RF2AHS,1024X80M2F8,B_HS_m22n,A7,B7,A99,A0,99,99,99,99,99,ken99,0.420V
1013,tb_vmin_ckb,auto,RF2,Vmax_vec,RF2AHS,256X80M2F4,BGRW_HS_m22n,A7,B7,A99,A0,99,99,99,99,99,99,vddpe_1.2000V_vddce_1.2000V_dvdd_1.200V_100.00ns,(P),shmoo_bsmin_vec,RF2AHS,256X80M2F4,BGRW_HS_m22n,A7,B7,A99,A0,99,99,99,99,99,ken99,0.395V,shmoo_bsmin_vec,RF2AHS,256X80M2F4,BGRW_HS_m22n,A7,B7,A99,A0,99,99,99,99,99,ken99,0.395V
1013,tb_vmin_ckb,auto,RF2,Vmax_vec,RF2AHS,512X40M4F4,BGW_HS_m22n,A7,B7,A99,A0,99,99,99,99,99,99,vddpe_1.2000V_vddce_1.2000V_dvdd_1.200V_100.00ns,(P),shmoo_bsmin_vec,RF2AHS,512X40M4F4,BGW_HS_m22n,A7,B7,A99,A0,99,99,99,99,99,ken99,0.405V,shmoo_bsmin_vec,RF2AHS,512X40M4F4,BGW_HS_m22n,A7,B7,A99,A0,99,99,99,99,99,ken99,0.405V
1013,tb_vmin_ckb,auto,RF2,Vmax_vec,RF2AHS,2048X4M4F8,BW_HS_m22n,A7,B7,A99,A0,99,99,99,99,99,99,vddpe_1.2000V_vddce_1.2000V_dvdd_1.200V_100.00ns,(P),shmoo_bsmin_vec,RF2AHS,2048X4M4F8,BW_HS_m22n,A7,B7,A99,A0,99,99,99,99,99,ken99,0.435V,shmoo_bsmin_vec,RF2AHS,2048X4M4F8,BW_HS_m22n,A7,B7,A99,A0,99,99,99,99,99,ken99,0.435V
1013,tb_vmin_ckb,auto,RF2,Vmax_vec,RF2AHS,2048X4M8F8,HS_m22n,A7,B7,A99,A0,99,99,99,99,99,99,vddpe_1.2000V_vddce_1.2000V_dvdd_1.200V_100.00ns,(P),shmoo_bsmin_vec,RF2AHS,2048X4M8F8,HS_m22n,A7,B7,A99,A0,99,99,99,99,99,ken99,0.445V,shmoo_bsmin_vec,RF2AHS,2048X4M8F8,HS_m22n,A7,B7,A99,A0,99,99,99,99,99,ken99,0.445V
1013,tb_vmin_ckb,auto,RF2,Vmax_vec,RF2AHS,128X20M8F2,BGRW_HS_m22n,A7,B7,A99,A0,99,99,99,99,99,99,vddpe_1.2000V_vddce_1.2000V_dvdd_1.200V_100.00ns,(P),shmoo_bsmin_vec,RF2AHS,128X20M8F2,BGRW_HS_m22n,A7,B7,A99,A0,99,99,99,99,99,ken99,0.420V,shmoo_bsmin_vec,RF2AHS,128X20M8F2,BGRW_HS_m22n,A7,B7,A99,A0,99,99,99,99,99,ken99,0.420V
1016,tb_vmin_ckb,auto,RF2,Vmax_vec,RF2AHS,4096X20M8F8,BGW_HS_m22n,A7,B7,A99,A0,99,99,99,99,99,99,vddpe_1.2000V_vddce_1.2000V_dvdd_1.200V_100.00ns,(P),shmoo_bsmin_vec,RF2AHS,4096X20M8F8,BGW_HS_m22n,A7,B7,A99,A0,99,99,99,99,99,ken99,0.440V,shmoo_bsmin_vec,RF2AHS,4096X20M8F8,BGW_HS_m22n,A7,B7,A99,A0,99,99,99,99,99,ken99,0.440V
1014,tb_vmin_ckb,auto,RF2,Vmax_vec,RF2AHS,512X6M2F8,LP_m22n,A7,B7,A99,A0,99,99,99,99,99,99,vddpe_1.2000V_vddce_1.2000V_dvdd_1.200V_100.00ns,(P),shmoo_bsmin_vec,RF2AHS,512X6M2F8,LP_m22n,A7,B7,A99,A0,99,99,99,99,99,ken99,0.395V,shmoo_bsmin_vec,RF2AHS,512X6M2F8,LP_m22n,A7,B7,A99,A0,99,99,99,99,99,ken99,0.395V
1014,tb_vmin_ckb,auto,RF2,Vmax_vec,RF2AHS,1024X80M2F8,B_LP_m22n,A7,B7,A99,A0,99,99,99,99,99,99,vddpe_1.2000V_vddce_1.2000V_dvdd_1.200V_100.00ns,(P),shmoo_bsmin_vec,RF2AHS,1024X80M2F8,B_LP_m22n,A7,B7,A99,A0,99,99,99,99,99,ken99,0.420V,shmoo_bsmin_vec,RF2AHS,1024X80M2F8,B_LP_m22n,A7,B7,A99,A0,99,99,99,99,99,ken99,0.420V
1013,tb_vmin_ckb,auto,RF2,Vmax_vec,RF2AHS,256X80M2F4,BGRW_LP_m22n,A7,B7,A99,A0,99,99,99,99,99,99,vddpe_1.2000V_vddce_1.2000V_dvdd_1.200V_100.00ns,(P),shmoo_bsmin_vec,RF2AHS,256X80M2F4,BGRW_LP_m22n,A7,B7,A99,A0,99,99,99,99,99,ken99,0.395V,shmoo_bsmin_vec,RF2AHS,256X80M2F4,BGRW_LP_m22n,A7,B7,A99,A0,99,99,99,99,99,ken99,0.395V
1013,tb_vmin_ckb,auto,RF2,Vmax_vec,RF2AHS,512X40M4F4,BGW_LP_m22n,A7,B7,A99,A0,99,99,99,99,99,99,vddpe_1.2000V_vddce_1.2000V_dvdd_1.200V_100.00ns,(P),shmoo_bsmin_vec,RF2AHS,512X40M4F4,BGW_LP_m22n,A7,B7,A99,A0,99,99,99,99,99,ken99,0.415V,shmoo_bsmin_vec,RF2AHS,512X40M4F4,BGW_LP_m22n,A7,B7,A99,A0,99,99,99,99,99,ken99,0.415V
1013,tb_vmin_ckb,auto,RF2,Vmax_vec,RF2AHS,2048X4M4F8,BW_LP_m22n,A7,B7,A99,A0,99,99,99,99,99,99,vddpe_1.2000V_vddce_1.2000V_dvdd_1.200V_100.00ns,(P),shmoo_bsmin_vec,RF2AHS,2048X4M4F8,BW_LP_m22n,A7,B7,A99,A0,99,99,99,99,99,ken99,0.410V,shmoo_bsmin_vec,RF2AHS,2048X4M4F8,BW_LP_m22n,A7,B7,A99,A0,99,99,99,99,99,ken99,0.410V
1013,tb_vmin_ckb,auto,RF2,Vmax_vec,RF2AHS,2048X4M8F8,LP_m22n,A7,B7,A99,A0,99,99,99,99,99,99,vddpe_1.2000V_vddce_1.2000V_dvdd_1.200V_100.00ns,(P),shmoo_bsmin_vec,RF2AHS,2048X4M8F8,LP_m22n,A7,B7,A99,A0,99,99,99,99,99,ken99,0.410V,shmoo_bsmin_vec,RF2AHS,2048X4M8F8,LP_m22n,A7,B7,A99,A0,99,99,99,99,99,ken99,0.410V
1013,tb_vmin_ckb,auto,RF2,Vmax_vec,RF2AHS,128X20M8F2,BGRW_LP_m22n,A7,B7,A99,A0,99,99,99,99,99,99,vddpe_1.2000V_vddce_1.2000V_dvdd_1.200V_100.00ns,(P),shmoo_bsmin_vec,RF2AHS,128X20M8F2,BGRW_LP_m22n,A7,B7,A99,A0,99,99,99,99,99,ken99,0.390V,shmoo_bsmin_vec,RF2AHS,128X20M8F2,BGRW_LP_m22n,A7,B7,A99,A0,99,99,99,99,99,ken99,0.390V
1016,tb_vmin_ckb,auto,RF2,Vmax_vec,RF2AHS,4096X20M8F8,BGW_LP_m22n,A7,B7,A99,A0,99,99,99,99,99,99,vddpe_1.2000V_vddce_1.2000V_dvdd_1.200V_100.00ns,(P),shmoo_bsmin_vec,RF2AHS,4096X20M8F8,BGW_LP_m22n,A7,B7,A99,A0,99,99,99,99,99,ken99,0.420V,shmoo_bsmin_vec,RF2AHS,4096X20M8F8,BGW_LP_m22n,A7,B7,A99,A0,99,99,99,99,99,ken99,0.420V
3000,tb_vmin_ckb,auto,RA1,Vmax_vec,RA1UHDA,1024X4M8F2,ABGV_LP_m22n,A2,B99,A1,A0,99,1,1,0,0,99,vddpe_1.2000V_vddce_1.2000V_dvdd_1.200V_100.00ns,(P),shmoo_bsmin_vec,RA1UHDA,1024X4M8F2,ABGV_LP_m22n,A2,B99,A1,A0,99,1,1,0,0,ken99,0.450V,shmoo_bsmin_vec,RA1UHDA,1024X4M8F2,ABGV_LP_m22n,A2,B99,A1,A0,99,1,1,0,0,ken99,0.450V
1014,tb_vmin_ckb,auto,RA1,Vmax_vec,RA1UHDA,2048X80M8F4,ABGTWV_LP_m22n,A2,B99,A1,A0,99,1,1,0,0,99,vddpe_1.2000V_vddce_1.2000V_dvdd_1.200V_100.00ns,(P),shmoo_bsmin_vec,RA1UHDA,2048X80M8F4,ABGTWV_LP_m22n,A2,B99,A1,A0,99,1,1,0,0,ken99,0.500V,shmoo_bsmin_vec,RA1UHDA,2048X80M8F4,ABGTWV_LP_m22n,A2,B99,A1,A0,99,1,1,0,0,ken99,0.500V
1014,tb_vmin_ckb,auto,RA1,Vmax_vec,RA1UHDA,8192X20M8F8,ABGRWVL_LP_m22n,A2,B99,A1,A0,99,1,1,0,0,99,vddpe_1.2000V_vddce_1.2000V_dvdd_1.200V_100.00ns,(P),shmoo_bsmin_vec,RA1UHDA,8192X20M8F8,ABGRWVL_LP_m22n,A2,B99,A1,A0,99,1,1,0,0,ken99,0.510V,shmoo_bsmin_vec,RA1UHDA,8192X20M8F8,ABGRWVL_LP_m22n,A2,B99,A1,A0,99,1,1,0,0,ken99,0.510V
1016,tb_vmin_ckb,auto,RA1,Vmax_vec,RA1UHDA,2048X4M16F2,ABV_LP_m22n,A2,B99,A1,A0,99,1,1,0,0,99,vddpe_1.2000V_vddce_1.2000V_dvdd_1.200V_100.00ns,(P),shmoo_bsmin_vec,RA1UHDA,2048X4M16F2,ABV_LP_m22n,A2,B99,A1,A0,99,1,1,0,0,ken99,0.475V,shmoo_bsmin_vec,RA1UHDA,2048X4M16F2,ABV_LP_m22n,A2,B99,A1,A0,99,1,1,0,0,ken99,0.475V
1013,tb_vmin_ckb,auto,RA1,Vmax_vec,RA1UHDA,32768X40M16F8,ABGRWVL_LP_m22n,A2,B99,A1,A0,99,1,1,0,0,99,vddpe_1.2000V_vddce_1.2000V_dvdd_1.200V_100.00ns,(P),shmoo_bsmin_vec,RA1UHDA,32768X40M16F8,ABGRWVL_LP_m22n,A2,B99,A1,A0,99,1,1,0,0,ken99,0.500V,shmoo_bsmin_vec,RA1UHDA,32768X40M16F8,ABGRWVL_LP_m22n,A2,B99,A1,A0,99,1,1,0,0,ken99,0.500V
1016,tb_vmin_ckb,auto,RA1,Vmax_vec,RA1UHDA,1024X4M8F2,ABGV_HS_m22n,A2,B99,A1,A0,99,1,1,0,0,99,vddpe_1.2000V_vddce_1.2000V_dvdd_1.200V_100.00ns,(P),shmoo_bsmin_vec,RA1UHDA,1024X4M8F2,ABGV_HS_m22n,A2,B99,A1,A0,99,1,1,0,0,ken99,0.525V,shmoo_bsmin_vec,RA1UHDA,1024X4M8F2,ABGV_HS_m22n,A2,B99,A1,A0,99,1,1,0,0,ken99,0.525V
1013,tb_vmin_ckb,auto,RA1,Vmax_vec,RA1UHDA,16384X4M8F8,ABGV_HS_m22n,A2,B99,A1,A0,99,1,1,0,0,99,vddpe_1.2000V_vddce_1.2000V_dvdd_1.200V_100.00ns,(P),shmoo_bsmin_vec,RA1UHDA,16384X4M8F8,ABGV_HS_m22n,A2,B99,A1,A0,99,1,1,0,0,ken99,0.555V,shmoo_bsmin_vec,RA1UHDA,16384X4M8F8,ABGV_HS_m22n,A2,B99,A1,A0,99,1,1,0,0,ken99,0.555V
1015,tb_vmin_ckb,auto,RA1,Vmax_vec,RA1UHDA,2048X80M8F4,ABGTWV_HS_m22n,A2,B99,A1,A0,99,1,1,0,0,99,vddpe_1.2000V_vddce_1.2000V_dvdd_1.200V_100.00ns,(P),shmoo_bsmin_vec,RA1UHDA,2048X80M8F4,ABGTWV_HS_m22n,A2,B99,A1,A0,99,1,1,0,0,ken99,0.525V,shmoo_bsmin_vec,RA1UHDA,2048X80M8F4,ABGTWV_HS_m22n,A2,B99,A1,A0,99,1,1,0,0,ken99,0.525V
1014,tb_vmin_ckb,auto,RA1,Vmax_vec,RA1UHDA,2048X4M16F2,ABV_HS_m22n,A2,B99,A1,A0,99,1,1,0,0,99,vddpe_1.2000V_vddce_1.2000V_dvdd_1.200V_100.00ns,(P),shmoo_bsmin_vec,RA1UHDA,2048X4M16F2,ABV_HS_m22n,A2,B99,A1,A0,99,1,1,0,0,ken99,0.475V,shmoo_bsmin_vec,RA1UHDA,2048X4M16F2,ABV_HS_m22n,A2,B99,A1,A0,99,1,1,0,0,ken99,0.475V
1015,tb_vmin_ckb,auto,RA1,Vmax_vec,RA1UHDA,4096X40M16F4,ABGWV_HS_m22n,A2,B99,A1,A0,99,1,1,0,0,99,vddpe_1.2000V_vddce_1.2000V_dvdd_1.200V_100.00ns,(P),shmoo_bsmin_vec,RA1UHDA,4096X40M16F4,ABGWV_HS_m22n,A2,B99,A1,A0,99,1,1,0,0,ken99,0.490V,shmoo_bsmin_vec,RA1UHDA,4096X40M16F4,ABGWV_HS_m22n,A2,B99,A1,A0,99,1,1,0,0,ken99,0.490V
1015,tb_vmin_ckb,auto,RA1,Vmax_vec,RA1UHDA,32768X40M16F8,ABGRV_HS_m22n,A2,B99,A1,A0,99,1,1,0,0,99,vddpe_1.2000V_vddce_1.2000V_dvdd_1.200V_100.00ns,(P),shmoo_bsmin_vec,RA1UHDA,32768X40M16F8,ABGRV_HS_m22n,A2,B99,A1,A0,99,1,1,0,0,ken99,0.525V,shmoo_bsmin_vec,RA1UHDA,32768X40M16F8,ABGRV_HS_m22n,A2,B99,A1,A0,99,1,1,0,0,ken99,0.525V
1014,tb_vmin_ckb,auto,RA1,Vmax_vec,RA1UHDA,4096X42M8F4,ABGWVL_HS_m22n,A2,B99,A1,A0,99,1,1,0,0,99,vddpe_1.2000V_vddce_1.2000V_dvdd_1.200V_100.00ns,(P),shmoo_bsmin_vec,RA1UHDA,4096X42M8F4,ABGWVL_HS_m22n,A2,B99,A1,A0,99,1,1,0,0,ken99,0.490V,shmoo_bsmin_vec,RA1UHDA,4096X42M8F4,ABGWVL_HS_m22n,A2,B99,A1,A0,99,1,1,0,0,ken99,0.490V
1016,tb_vmin_ckb,auto,RA1,Vmax_vec,cln16ffcll_arm_alspuhderam,w08192x072b4c08,ss_abegnrst_m22n,A2,B99,A1,A0,99,1,1,0,0,99,vddpe_1.2000V_vddce_1.2000V_dvdd_1.200V_100.00ns,(P),shmoo_bsmin_vec,cln16ffcll_arm_alspuhderam,w08192x072b4c08,ss_abegnrst_m22n,A2,B99,A1,A0,99,1,1,0,0,ken99,0.425V,shmoo_bsmin_vec,cln16ffcll_arm_alspuhderam,w08192x072b4c08,ss_abegnrst_m22n,A2,B99,A1,A0,99,1,1,0,0,ken99,0.425V
1014,tb_vmin_ckb,auto,RA1,Vmax_vec,RA1UHDA,1024X4M8F2,ABGV_LP_m22n,A3,B99,A1,A0,99,1,1,0,0,99,vddpe_1.2000V_vddce_1.2000V_dvdd_1.200V_100.00ns,(P),shmoo_bsmin_vec,RA1UHDA,1024X4M8F2,ABGV_LP_m22n,A3,B99,A1,A0,99,1,1,0,0,ken99,0.430V,shmoo_bsmin_vec,RA1UHDA,1024X4M8F2,ABGV_LP_m22n,A3,B99,A1,A0,99,1,1,0,0,ken99,0.430V
1015,tb_vmin_ckb,auto,RA1,Vmax_vec,RA1UHDA,2048X80M8F4,ABGTWV_LP_m22n,A3,B99,A1,A0,99,1,1,0,0,99,vddpe_1.2000V_vddce_1.2000V_dvdd_1.200V_100.00ns,(P),shmoo_bsmin_vec,RA1UHDA,2048X80M8F4,ABGTWV_LP_m22n,A3,B99,A1,A0,99,1,1,0,0,ken99,0.475V,shmoo_bsmin_vec,RA1UHDA,2048X80M8F4,ABGTWV_LP_m22n,A3,B99,A1,A0,99,1,1,0,0,ken99,0.475V
1015,tb_vmin_ckb,auto,RA1,Vmax_vec,RA1UHDA,8192X20M8F8,ABGRWVL_LP_m22n,A3,B99,A1,A0,99,1,1,0,0,99,vddpe_1.2000V_vddce_1.2000V_dvdd_1.200V_100.00ns,(P),shmoo_bsmin_vec,RA1UHDA,8192X20M8F8,ABGRWVL_LP_m22n,A3,B99,A1,A0,99,1,1,0,0,ken99,0.495V,shmoo_bsmin_vec,RA1UHDA,8192X20M8F8,ABGRWVL_LP_m22n,A3,B99,A1,A0,99,1,1,0,0,ken99,0.495V
1016,tb_vmin_ckb,auto,RA1,Vmax_vec,RA1UHDA,2048X4M16F2,ABV_LP_m22n,A3,B99,A1,A0,99,1,1,0,0,99,vddpe_1.2000V_vddce_1.2000V_dvdd_1.200V_100.00ns,(P),shmoo_bsmin_vec,RA1UHDA,2048X4M16F2,ABV_LP_m22n,A3,B99,A1,A0,99,1,1,0,0,ken99,0.460V,shmoo_bsmin_vec,RA1UHDA,2048X4M16F2,ABV_LP_m22n,A3,B99,A1,A0,99,1,1,0,0,ken99,0.460V
1014,tb_vmin_ckb,auto,RA1,Vmax_vec,RA1UHDA,32768X40M16F8,ABGRWVL_LP_m22n,A3,B99,A1,A0,99,1,1,0,0,99,vddpe_1.2000V_vddce_1.2000V_dvdd_1.200V_100.00ns,(P),shmoo_bsmin_vec,RA1UHDA,32768X40M16F8,ABGRWVL_LP_m22n,A3,B99,A1,A0,99,1,1,0,0,ken99,0.485V,shmoo_bsmin_vec,RA1UHDA,32768X40M16F8,ABGRWVL_LP_m22n,A3,B99,A1,A0,99,1,1,0,0,ken99,0.485V
1013,tb_vmin_ckb,auto,RA1,Vmax_vec,RA1UHDA,1024X4M8F2,ABGV_HS_m22n,A3,B99,A1,A0,99,1,1,0,0,99,vddpe_1.2000V_vddce_1.2000V_dvdd_1.200V_100.00ns,(P),shmoo_bsmin_vec,RA1UHDA,1024X4M8F2,ABGV_HS_m22n,A3,B99,A1,A0,99,1,1,0,0,ken99,0.505V,shmoo_bsmin_vec,RA1UHDA,1024X4M8F2,ABGV_HS_m22n,A3,B99,A1,A0,99,1,1,0,0,ken99,0.505V
1016,tb_vmin_ckb,auto,RA1,Vmax_vec,RA1UHDA,16384X4M8F8,ABGV_HS_m22n,A3,B99,A1,A0,99,1,1,0,0,99,vddpe_1.2000V_vddce_1.2000V_dvdd_1.200V_100.00ns,(P),shmoo_bsmin_vec,RA1UHDA,16384X4M8F8,ABGV_HS_m22n,A3,B99,A1,A0,99,1,1,0,0,ken99,0.535V,shmoo_bsmin_vec,RA1UHDA,16384X4M8F8,ABGV_HS_m22n,A3,B99,A1,A0,99,1,1,0,0,ken99,0.535V
1013,tb_vmin_ckb,auto,RA1,Vmax_vec,RA1UHDA,2048X80M8F4,ABGTWV_HS_m22n,A3,B99,A1,A0,99,1,1,0,0,99,vddpe_1.2000V_vddce_1.2000V_dvdd_1.200V_100.00ns,(P),shmoo_bsmin_vec,RA1UHDA,2048X80M8F4,ABGTWV_HS_m22n,A3,B99,A1,A0,99,1,1,0,0,ken99,0.515V,shmoo_bsmin_vec,RA1UHDA,2048X80M8F4,ABGTWV_HS_m22n,A3,B99,A1,A0,99,1,1,0,0,ken99,0.515V
1015,tb_vmin_ckb,auto,RA1,Vmax_vec,RA1UHDA,2048X4M16F2,ABV_HS_m22n,A3,B99,A1,A0,99,1,1,0,0,99,vddpe_1.2000V_vddce_1.2000V_dvdd_1.200V_100.00ns,(P),shmoo_bsmin_vec,RA1UHDA,2048X4M16F2,ABV_HS_m22n,A3,B99,A1,A0,99,1,1,0,0,ken99,0.460V,shmoo_bsmin_vec,RA1UHDA,2048X4M16F2,ABV_HS_m22n,A3,B99,A1,A0,99,1,1,0,0,ken99,0.460V
1014,tb_vmin_ckb,auto,RA1,Vmax_vec,RA1UHDA,4096X40M16F4,ABGWV_HS_m22n,A3,B99,A1,A0,99,1,1,0,0,99,vddpe_1.2000V_vddce_1.2000V_dvdd_1.200V_100.00ns,(P),shmoo_bsmin_vec,RA1UHDA,4096X40M16F4,ABGWV_HS_m22n,A3,B99,A1,A0,99,1,1,0,0,ken99,0.475V,shmoo_bsmin_vec,RA1UHDA,4096X40M16F4,ABGWV_HS_m22n,A3,B99,A1,A0,99,1,1,0,0,ken99,0.475V
1014,tb_vmin_ckb,auto,RA1,Vmax_vec,RA1UHDA,32768X40M16F8,ABGRV_HS_m22n,A3,B99,A1,A0,99,1,1,0,0,99,vddpe_1.2000V_vddce_1.2000V_dvdd_1.200V_100.00ns,(P),shmoo_bsmin_vec,RA1UHDA,32768X40M16F8,ABGRV_HS_m22n,A3,B99,A1,A0,99,1,1,0,0,ken99,0.510V,shmoo_bsmin_vec,RA1UHDA,32768X40M16F8,ABGRV_HS_m22n,A3,B99,A1,A0,99,1,1,0,0,ken99,0.510V
1015,tb_vmin_ckb,auto,RA1,Vmax_vec,RA1UHDA,4096X42M8F4,ABGWVL_HS_m22n,A3,B99,A1,A0,99,1,1,0,0,99,vddpe_1.2000V_vddce_1.2000V_dvdd_1.200V_100.00ns,(P),shmoo_bsmin_vec,RA1UHDA,4096X42M8F4,ABGWVL_HS_m22n,A3,B99,A1,A0,99,1,1,0,0,ken99,0.465V,shmoo_bsmin_vec,RA1UHDA,4096X42M8F4,ABGWVL_HS_m22n,A3,B99,A1,A0,99,1,1,0,0,ken99,0.465V
1013,tb_vmin_ckb,auto,RA1,Vmax_vec,cln16ffcll_arm_alspuhderam,w08192x072b4c08,ss_abegnrst_m22n,A3,B99,A1,A0,99,1,1,0,0,99,vddpe_1.2000V_vddce_1.2000V_dvdd_1.200V_100.00ns,(P),shmoo_bsmin_vec,cln16ffcll_arm_alspuhderam,w08192x072b4c08,ss_abegnrst_m22n,A3,B99,A1,A0,99,1,1,0,0,ken99,0.420V,shmoo_bsmin_vec,cln16ffcll_arm_alspuhderam,w08192x072b4c08,ss_abegnrst_m22n,A3,B99,A1,A0,99,1,1,0,0,ken99,0.420V
1014,tb_vmin_ckb,auto,RA1,Vmax_vec,RA1UHDA,1024X4M8F2,ABGV_LP_m22n,A7,B99,A1,A0,99,1,1,0,0,99,vddpe_1.2000V_vddce_1.2000V_dvdd_1.200V_100.00ns,(P),shmoo_bsmin_vec,RA1UHDA,1024X4M8F2,ABGV_LP_m22n,A7,B99,A1,A0,99,1,1,0,0,ken99,0.410V,shmoo_bsmin_vec,RA1UHDA,1024X4M8F2,ABGV_LP_m22n,A7,B99,A1,A0,99,1,1,0,0,ken99,0.410V
1014,tb_vmin_ckb,auto,RA1,Vmax_vec,RA1UHDA,2048X80M8F4,ABGTWV_LP_m22n,A7,B99,A1,A0,99,1,1,0,0,99,vddpe_1.2000V_vddce_1.2000V_dvdd_1.200V_100.00ns,(P),shmoo_bsmin_vec,RA1UHDA,2048X80M8F4,ABGTWV_LP_m22n,A7,B99,A1,A0,99,1,1,0,0,ken99,0.445V,shmoo_bsmin_vec,RA1UHDA,2048X80M8F4,ABGTWV_LP_m22n,A7,B99,A1,A0,99,1,1,0,0,ken99,0.445V
1016,tb_vmin_ckb,auto,RA1,Vmax_vec,RA1UHDA,8192X20M8F8,ABGRWVL_LP_m22n,A7,B99,A1,A0,99,1,1,0,0,99,vddpe_1.2000V_vddce_1.2000V_dvdd_1.200V_100.00ns,(P),shmoo_bsmin_vec,RA1UHDA,8192X20M8F8,ABGRWVL_LP_m22n,A7,B99,A1,A0,99,1,1,0,0,ken99,0.465V,shmoo_bsmin_vec,RA1UHDA,8192X20M8F8,ABGRWVL_LP_m22n,A7,B99,A1,A0,99,1,1,0,0,ken99,0.465V
1013,tb_vmin_ckb,auto,RA1,Vmax_vec,RA1UHDA,2048X4M16F2,ABV_LP_m22n,A7,B99,A1,A0,99,1,1,0,0,99,vddpe_1.2000V_vddce_1.2000V_dvdd_1.200V_100.00ns,(P),shmoo_bsmin_vec,RA1UHDA,2048X4M16F2,ABV_LP_m22n,A7,B99,A1,A0,99,1,1,0,0,ken99,0.430V,shmoo_bsmin_vec,RA1UHDA,2048X4M16F2,ABV_LP_m22n,A7,B99,A1,A0,99,1,1,0,0,ken99,0.430V
1014,tb_vmin_ckb,auto,RA1,Vmax_vec,RA1UHDA,32768X40M16F8,ABGRWVL_LP_m22n,A7,B99,A1,A0,99,1,1,0,0,99,vddpe_1.2000V_vddce_1.2000V_dvdd_1.200V_100.00ns,(P),shmoo_bsmin_vec,RA1UHDA,32768X40M16F8,ABGRWVL_LP_m22n,A7,B99,A1,A0,99,1,1,0,0,ken99,0.455V,shmoo_bsmin_vec,RA1UHDA,32768X40M16F8,ABGRWVL_LP_m22n,A7,B99,A1,A0,99,1,1,0,0,ken99,0.455V
1013,tb_vmin_ckb,auto,RA1,Vmax_vec,RA1UHDA,1024X4M8F2,ABGV_HS_m22n,A7,B99,A1,A0,99,1,1,0,0,99,vddpe_1.2000V_vddce_1.2000V_dvdd_1.200V_100.00ns,(P),shmoo_bsmin_vec,RA1UHDA,1024X4M8F2,ABGV_HS_m22n,A7,B99,A1,A0,99,1,1,0,0,ken99,0.450V,shmoo_bsmin_vec,RA1UHDA,1024X4M8F2,ABGV_HS_m22n,A7,B99,A1,A0,99,1,1,0,0,ken99,0.450V
1016,tb_vmin_ckb,auto,RA1,Vmax_vec,RA1UHDA,16384X4M8F8,ABGV_HS_m22n,A7,B99,A1,A0,99,1,1,0,0,99,vddpe_1.2000V_vddce_1.2000V_dvdd_1.200V_100.00ns,(P),shmoo_bsmin_vec,RA1UHDA,16384X4M8F8,ABGV_HS_m22n,A7,B99,A1,A0,99,1,1,0,0,ken99,0.480V,shmoo_bsmin_vec,RA1UHDA,16384X4M8F8,ABGV_HS_m22n,A7,B99,A1,A0,99,1,1,0,0,ken99,0.480V
1016,tb_vmin_ckb,auto,RA1,Vmax_vec,RA1UHDA,2048X80M8F4,ABGTWV_HS_m22n,A7,B99,A1,A0,99,1,1,0,0,99,vddpe_1.2000V_vddce_1.2000V_dvdd_1.200V_100.00ns,(P),shmoo_bsmin_vec,RA1UHDA,2048X80M8F4,ABGTWV_HS_m22n,A7,B99,A1,A0,99,1,1,0,0,ken99,0.475V,shmoo_bsmin_vec,RA1UHDA,2048X80M8F4,ABGTWV_HS_m22n,A7,B99,A1,A0,99,1,1,0,0,ken99,0.475V
1014,tb_vmin_ckb,auto,RA1,Vmax_vec,RA1UHDA,2048X4M16F2,ABV_HS_m22n,A7,B99,A1,A0,99,1,1,0,0,99,vddpe_1.2000V_vddce_1.2000V_dvdd_1.200V_100.00ns,(P),shmoo_bsmin_vec,RA1UHDA,2048X4M16F2,ABV_HS_m22n,A7,B99,A1,A0,99,1,1,0,0,ken99,0.425V,shmoo_bsmin_vec,RA1UHDA,2048X4M16F2,ABV_HS_m22n,A7,B99,A1,A0,99,1,1,0,0,ken99,0.425V
1013,tb_vmin_ckb,auto,RA1,Vmax_vec,RA1UHDA,4096X40M16F4,ABGWV_HS_m22n,A7,B99,A1,A0,99,1,1,0,0,99,vddpe_1.2000V_vddce_1.2000V_dvdd_1.200V_100.00ns,(P),shmoo_bsmin_vec,RA1UHDA,4096X40M16F4,ABGWV_HS_m22n,A7,B99,A1,A0,99,1,1,0,0,ken99,0.445V,shmoo_bsmin_vec,RA1UHDA,4096X40M16F4,ABGWV_HS_m22n,A7,B99,A1,A0,99,1,1,0,0,ken99,0.445V
1016,tb_vmin_ckb,auto,RA1,Vmax_vec,RA1UHDA,32768X40M16F8,ABGRV_HS_m22n,A7,B99,A1,A0,99,1,1,0,0,99,vddpe_1.2000V_vddce_1.2000V_dvdd_1.200V_100.00ns,(P),shmoo_bsmin_vec,RA1UHDA,32768X40M16F8,ABGRV_HS_m22n,A7,B99,A1,A0,99,1,1,0,0,ken99,0.475V,shmoo_bsmin_vec,RA1UHDA,32768X40M16F8,ABGRV_HS_m22n,A7,B99,A1,A0,99,1,1,0,0,ken99,0.475V
1015,tb_vmin_ckb,auto,RA1,Vmax_vec,RA1UHDA,4096X42M8F4,ABGWVL_HS_m22n,A7,B99,A1,A0,99,1,1,0,0,99,vddpe_1.2000V_vddce_1.2000V_dvdd_1.200V_100.00ns,(P),shmoo_bsmin_vec,RA1UHDA,4096X42M8F4,ABGWVL_HS_m22n,A7,B99,A1,A0,99,1,1,0,0,ken99,0.440V,shmoo_bsmin_vec,RA1UHDA,4096X42M8F4,ABGWVL_HS_m22n,A7,B99,A1,A0,99,1,1,0,0,ken99,0.440V
1016,tb_vmin_ckb,auto,RA1,Vmax_vec,cln16ffcll_arm_alspuhderam,w08192x072b4c08,ss_abegnrst_m22n,A7,B99,A1,A0,99,1,1,0,0,99,vddpe_1.2000V_vddce_1.2000V_dvdd_1.200V_100.00ns,(P),shmoo_bsmin_vec,cln16ffcll_arm_alspuhderam,w08192x072b4c08,ss_abegnrst_m22n,A7,B99,A1,A0,99,1,1,0,0,ken99,0.410V,shmoo_bsmin_vec,cln16ffcll_arm_alspuhderam,w08192x072b4c08,ss_abegnrst_m22n,A7,B99,A1,A0,99,1,1,0,0,ken99,0.410V
